hour_index,gpu_HP,gpu_Spot,cpu_HP,cpu_Spot,gpu_total,cpu_total
0,4623.3853,0.0,141942.8736,0.0,4623.3853,141942.8736
1,4699.2397,4.98,142633.1275,69.72,4704.2197,142702.8475
2,4703.9894,0.5667,142586.8158,7.9333,4704.5561,142594.7492
3,4709.315,0.0,142611.1683,0.0,4709.315,142611.1683
4,4741.4339,0.0,142859.9075,0.0,4741.4339,142859.9075
5,4789.2444,0.0,143278.3811,0.0,4789.2444,143278.3811
6,4861.6036,0.0,144684.0206,0.0,4861.6036,144684.0206
7,4927.4469,0.0,145720.4567,0.0,4927.4469,145720.4567
8,4998.2994,0.0,146322.0264,0.0,4998.2994,146322.0264
9,5074.1744,0.0,147223.2081,0.0,5074.1744,147223.2081
10,5224.3775,0.0,148589.065,0.0,5224.3775,148589.065
11,5317.0431,0.0,150352.3656,0.0,5317.0431,150352.3656
12,5382.6003,0.0,151617.4892,0.0,5382.6003,151617.4892
13,5381.8394,0.0,151611.57,0.0,5381.8394,151611.57
14,5448.7936,0.0,152468.4778,0.0,5448.7936,152468.4778
15,5497.8494,0.0,153620.8089,0.0,5497.8494,153620.8089
16,5542.7594,0.0,154104.4158,0.0,5542.7594,154104.4158
17,5615.7764,0.0,155496.2375,0.0,5615.7764,155496.2375
18,5648.7378,0.0,156324.8683,0.0,5648.7378,156324.8683
19,5648.7475,0.0,156258.7692,0.0,5648.7475,156258.7692
20,5694.3256,0.0,157381.0481,0.0,5694.3256,157381.0481
21,5737.8406,0.0,158044.2997,0.0,5737.8406,158044.2997
22,5783.2053,0.0,158655.3225,0.0,5783.2053,158655.3225
23,5829.5541,0.0,159225.6739,0.0,5829.5541,159225.6739
24,5459.2419,0.0,151376.0294,0.0,5459.2419,151376.0294
25,5450.1083,0.0,151399.8386,0.0,5450.1083,151399.8386
26,5480.6919,0.0,151610.7639,0.0,5480.6919,151610.7639
27,5514.3536,0.0,151863.9167,0.0,5514.3536,151863.9167
28,5538.7503,0.0,152115.3161,0.0,5538.7503,152115.3161
29,5562.2831,0.0,152506.6442,0.0,5562.2831,152506.6442
30,5583.5314,0.0,153104.3267,0.0,5583.5314,153104.3267
31,5626.3039,0.0,153525.9883,0.0,5626.3039,153525.9883
32,5689.3583,0.0,154105.3992,0.0,5689.3583,154105.3992
33,5784.3158,0.0,155268.6397,0.0,5784.3158,155268.6397
34,5825.8864,0.0,155678.9573,0.0,5825.8864,155678.9573
35,5897.5237,0.0,156714.5661,0.0,5897.5237,156714.5661
36,6009.0144,0.0,158647.9604,0.0,6009.0144,158647.9604
37,6013.6408,0.0,158724.176,0.0,6013.6408,158724.176
38,6067.0814,0.0,159327.2228,0.0,6067.0814,159327.2228
39,6140.3119,0.0,160452.9921,0.0,6140.3119,160452.9921
40,6122.2125,0.0,160033.9261,0.0,6122.2125,160033.9261
41,6161.1214,0.0,160585.8342,0.0,6161.1214,160585.8342
42,6183.5433,0.0,161028.3069,0.0,6183.5433,161028.3069
43,6186.9506,0.0,161012.37,0.0,6186.9506,161012.37
44,6224.1756,0.0,161521.7672,0.0,6224.1756,161521.7672
45,6246.7583,0.0,161991.9456,0.0,6246.7583,161991.9456
46,6278.9508,0.0,162364.0436,0.0,6278.9508,162364.0436
47,6306.7772,0.0,162654.7688,0.0,6306.7772,162654.7688
48,6041.3161,0.0,157573.1783,0.0,6041.3161,157573.1783
49,6048.5934,0.0,157674.9194,0.0,6048.5934,157674.9194
50,6080.3344,0.0,158140.6628,0.0,6080.3344,158140.6628
51,6093.1889,0.0,158401.0444,0.0,6093.1889,158401.0444
52,6116.1181,0.0,158776.1124,0.0,6116.1181,158776.1124
53,6127.5111,0.0,158941.0192,0.0,6127.5111,158941.0192
54,6138.87,0.0,159337.1356,0.0,6138.87,159337.1356
55,6194.6256,0.0,160055.8428,0.0,6194.6256,160055.8428
56,6251.1925,0.0,160897.7564,0.0,6251.1925,160897.7564
57,6298.3628,0.0,161837.7328,0.0,6298.3628,161837.7328
58,6336.8678,0.0,162555.905,0.0,6336.8678,162555.905
59,6378.4617,0.0,163206.3289,0.0,6378.4617,163206.3289
60,6279.0636,0.0,160579.9936,0.0,6279.0636,160579.9936
61,6290.5397,0.0,160505.31,0.0,6290.5397,160505.31
62,6309.23,0.0,160738.1658,0.0,6309.23,160738.1658
63,6316.1783,0.0,160778.1239,0.0,6316.1783,160778.1239
64,6326.4433,0.0,161002.7958,0.0,6326.4433,161002.7958
65,6356.6494,0.0,161400.9289,0.0,6356.6494,161400.9289
66,6385.4989,0.0,161721.5636,0.0,6385.4989,161721.5636
67,6414.5479,0.0,162078.8583,0.0,6414.5479,162078.8583
68,6445.7375,0.0,162410.0497,0.0,6445.7375,162410.0497
69,6480.7333,0.0,162885.1747,0.0,6480.7333,162885.1747
70,6534.8506,0.0,163466.7592,0.0,6534.8506,163466.7592
71,6607.7292,0.0,164780.6116,0.0,6607.7292,164780.6116
72,6062.9553,0.0,156749.7583,0.0,6062.9553,156749.7583
73,6025.7728,0.0,156409.3297,0.0,6025.7728,156409.3297
74,6048.9392,0.0,156977.5956,0.0,6048.9392,156977.5956
75,6080.7797,0.0,157241.5133,0.0,6080.7797,157241.5133
76,6094.9578,0.0,157358.4067,0.0,6094.9578,157358.4067
77,6099.4403,0.0,157564.2761,0.0,6099.4403,157564.2761
78,6101.3306,0.0,158113.1589,0.0,6101.3306,158113.1589
79,6142.6769,0.0,158385.7244,0.0,6142.6769,158385.7244
80,6162.1783,0.0,158514.2744,0.0,6162.1783,158514.2744
81,6165.8886,0.0,158606.0803,0.0,6165.8886,158606.0803
82,6199.7714,0.0,159164.3022,0.0,6199.7714,159164.3022
83,6378.9229,0.0,161455.4061,0.0,6378.9229,161455.4061
84,6505.9464,0.0,163184.9611,0.0,6505.9464,163184.9611
85,6508.7881,0.0,163413.1575,0.0,6508.7881,163413.1575
86,6490.865,0.0,162954.3722,0.0,6490.865,162954.3722
87,6599.0483,0.0,163908.4689,0.0,6599.0483,163908.4689
88,6676.465,0.0,165244.1928,0.0,6676.465,165244.1928
89,6796.8325,0.0,167200.2853,0.0,6796.8325,167200.2853
90,6681.1914,0.0,166158.4258,0.0,6681.1914,166158.4258
91,6618.9506,0.0,165089.8703,0.0,6618.9506,165089.8703
92,6527.8847,0.0,163904.6008,0.0,6527.8847,163904.6008
93,6504.1781,0.0,163956.9772,0.0,6504.1781,163956.9772
94,6480.0747,0.0,163642.6444,0.0,6480.0747,163642.6444
95,6473.7079,0.0,163659.1769,0.0,6473.7079,163659.1769
96,6092.3483,0.0,156354.6944,0.0,6092.3483,156354.6944
97,6371.5122,0.0,160594.88,0.0,6371.5122,160594.88
98,6258.2581,0.0,158516.7536,0.0,6258.2581,158516.7536
99,6171.5204,0.0,156985.6461,0.0,6171.5204,156985.6461
100,5931.3939,0.0,153769.6097,0.0,5931.3939,153769.6097
101,5944.8597,0.0,153852.2283,0.0,5944.8597,153852.2283
102,5919.8842,0.0,153447.3333,0.0,5919.8842,153447.3333
103,5914.0278,0.0,153259.1561,0.0,5914.0278,153259.1561
104,5925.1758,0.0,153270.4175,0.0,5925.1758,153270.4175
105,5958.9258,0.0,154020.3003,0.0,5958.9258,154020.3003
106,6096.1836,0.0,156269.6633,0.0,6096.1836,156269.6633
107,6259.8669,0.0,159474.1228,0.0,6259.8669,159474.1228
108,6288.7392,0.0,159816.4264,0.0,6288.7392,159816.4264
109,6275.3411,0.0,159957.9817,0.0,6275.3411,159957.9817
110,6214.7522,0.0,159344.3808,0.0,6214.7522,159344.3808
111,6192.3623,0.1856,159872.2767,0.4639,6192.5479,159872.7406
112,6288.1698,0.0,161586.1197,0.0,6288.1698,161586.1197
113,6351.0809,0.0,162672.2647,0.0,6351.0809,162672.2647
114,6615.6487,0.0,166168.0322,0.0,6615.6487,166168.0322
115,6496.9248,0.0,164539.9853,0.0,6496.9248,164539.9853
116,6456.7363,0.0,163899.2358,0.0,6456.7363,163899.2358
117,6460.4714,0.0,164106.9661,0.0,6460.4714,164106.9661
118,6399.9799,0.0,163373.4803,0.0,6399.9799,163373.4803
119,6395.3036,0.0,163062.6924,0.0,6395.3036,163062.6924
120,5830.4606,0.0,155314.365,0.0,5830.4606,155314.365
121,5845.5514,0.0,155541.2392,0.0,5845.5514,155541.2392
122,5788.774,0.0,155030.5236,0.0,5788.774,155030.5236
123,5805.8386,0.0,155133.9697,0.0,5805.8386,155133.9697
124,5799.1528,0.0,155096.7128,0.0,5799.1528,155096.7128
125,5788.3119,0.0,154989.3578,0.0,5788.3119,154989.3578
126,5776.5086,0.0,155043.1706,0.0,5776.5086,155043.1706
127,5794.2081,0.0,155200.2056,0.0,5794.2081,155200.2056
128,5811.6039,0.0,155182.4261,0.0,5811.6039,155182.4261
129,5881.2005,0.0,155616.0336,0.0,5881.2005,155616.0336
130,5987.6631,0.0,156667.3642,0.0,5987.6631,156667.3642
131,6270.2424,0.0,159459.1425,0.0,6270.2424,159459.1425
132,6302.3672,0.0,160120.5622,0.0,6302.3672,160120.5622
133,6264.1535,0.0,160034.7009,0.0,6264.1535,160034.7009
134,6299.6825,0.0,160336.7011,0.0,6299.6825,160336.7011
135,6367.6034,0.0,161176.8275,0.0,6367.6034,161176.8275
136,6372.3744,0.0,165891.6339,0.0,6372.3744,165891.6339
137,6226.0387,0.0,165455.0478,0.0,6226.0387,165455.0478
138,6382.1538,0.0,165854.1272,0.0,6382.1538,165854.1272
139,6349.4368,0.0,165655.0369,0.0,6349.4368,165655.0369
140,6370.0397,0.0,165887.2672,0.0,6370.0397,165887.2672
141,6452.5323,0.0,166538.8286,0.0,6452.5323,166538.8286
142,6468.1875,0.0,166585.1742,0.0,6468.1875,166585.1742
143,6422.4229,0.0,166531.7436,0.0,6422.4229,166531.7436
144,5855.8771,0.0,160483.6253,0.0,5855.8771,160483.6253
145,5895.3969,0.0,161060.3839,0.0,5895.3969,161060.3839
146,5886.9505,0.0,160896.8914,0.0,5886.9505,160896.8914
147,5866.8669,0.0,160741.6383,0.0,5866.8669,160741.6383
148,5867.5624,0.0,160523.5711,0.0,5867.5624,160523.5711
149,5839.03,0.0,160137.8572,0.0,5839.03,160137.8572
150,5800.6506,0.0,159793.6817,0.0,5800.6506,159793.6817
151,5797.3848,0.0,159718.6528,0.0,5797.3848,159718.6528
152,5809.7257,0.0,159615.3989,0.0,5809.7257,159615.3989
153,5796.1441,0.0,159472.0756,0.0,5796.1441,159472.0756
154,5834.3025,0.0,160106.3536,0.0,5834.3025,160106.3536
155,5971.5528,0.0,161563.8389,0.0,5971.5528,161563.8389
156,6094.9518,0.0,163089.1614,0.0,6094.9518,163089.1614
157,6004.503,0.0,162345.8944,0.0,6004.503,162345.8944
158,6215.3021,0.0,164054.4358,0.0,6215.3021,164054.4358
159,6297.7177,0.0,164962.1081,0.0,6297.7177,164962.1081
160,6253.2947,0.0,164607.0372,0.0,6253.2947,164607.0372
161,6302.7964,0.0,164944.08,0.0,6302.7964,164944.08
162,6328.5414,0.0,165775.9678,0.0,6328.5414,165775.9678
163,6287.0594,0.0,165312.6944,0.0,6287.0594,165312.6944
164,6368.4241,0.0,165844.9953,0.0,6368.4241,165844.9953
165,6347.9416,0.0,165927.5039,0.0,6347.9416,165927.5039
166,6330.4938,0.0,165906.3356,0.0,6330.4938,165906.3356
167,6303.6449,0.0,165434.1567,0.0,6303.6449,165434.1567
168,5869.5295,0.0,160319.5864,0.0,5869.5295,160319.5864
169,5833.2569,0.0,159932.4783,0.0,5833.2569,159932.4783
170,5858.6963,0.0,159823.0419,0.0,5858.6963,159823.0419
171,5926.295,0.0,160133.5933,0.0,5926.295,160133.5933
172,5927.731,0.0,160121.1814,0.0,5927.731,160121.1814
173,5935.5714,0.0,160186.3622,0.0,5935.5714,160186.3622
174,5947.3936,0.0,160264.445,0.0,5947.3936,160264.445
175,5946.4249,0.0,160250.3383,0.0,5946.4249,160250.3383
176,6002.8466,0.0,160518.2822,0.0,6002.8466,160518.2822
177,6037.6562,0.0,161010.4622,0.0,6037.6562,161010.4622
178,6088.3856,0.0,161735.2883,0.0,6088.3856,161735.2883
179,6132.7113,0.0,162396.3156,0.0,6132.7113,162396.3156
180,6123.3282,1.8011,162633.4669,9.0056,6125.1293,162642.4725
181,6034.2894,2.9656,162380.5325,14.8278,6037.255,162395.3603
182,6031.4394,0.0,162609.8069,0.0,6031.4394,162609.8069
183,6122.2702,0.0,164250.9817,0.0,6122.2702,164250.9817
184,6125.7919,0.0,164330.815,0.0,6125.7919,164330.815
185,6159.6036,0.0,164793.8331,0.0,6159.6036,164793.8331
186,6243.8821,0.0,166970.9656,0.0,6243.8821,166970.9656
187,6233.0055,0.0,166816.3019,0.0,6233.0055,166816.3019
188,6211.8627,0.0,166476.6514,0.0,6211.8627,166476.6514
189,6182.1186,0.0,165703.3594,0.0,6182.1186,165703.3594
190,6148.5158,0.0,165097.9422,0.0,6148.5158,165097.9422
191,6144.3164,0.0,165034.8008,0.0,6144.3164,165034.8008
192,5874.2718,0.0,161435.5267,0.0,5874.2718,161435.5267
193,5786.5461,0.0,160576.7708,0.0,5786.5461,160576.7708
194,5742.4941,0.0,159857.4661,0.0,5742.4941,159857.4661
195,5729.8594,0.0,159721.32,0.0,5729.8594,159721.32
196,5724.3839,0.0,159656.0472,0.0,5724.3839,159656.0472
197,5716.5974,0.0,159569.8575,0.0,5716.5974,159569.8575
198,5715.0603,0.0,159542.0511,0.0,5715.0603,159542.0511
199,5713.3286,0.0,159535.0078,0.0,5713.3286,159535.0078
200,5765.7385,0.0,159924.5217,0.0,5765.7385,159924.5217
201,5784.6553,0.0,160158.4108,0.0,5784.6553,160158.4108
202,5775.4762,0.0,160059.5089,0.0,5775.4762,160059.5089
203,5781.8277,0.0,160206.9586,0.0,5781.8277,160206.9586
204,5849.09,0.0,161245.4428,0.0,5849.09,161245.4428
205,5968.0208,0.0,163432.8153,0.0,5968.0208,163432.8153
206,5981.2255,0.0,163580.6653,0.0,5981.2255,163580.6653
207,5963.0514,0.0,163025.7228,0.0,5963.0514,163025.7228
208,5941.4264,0.0,162483.1731,0.0,5941.4264,162483.1731
209,5953.0633,0.0,162485.1953,0.0,5953.0633,162485.1953
210,5937.1524,0.0,162079.2214,0.0,5937.1524,162079.2214
211,5935.5507,0.0,162215.4964,0.0,5935.5507,162215.4964
212,5927.6246,0.0,162215.9144,0.0,5927.6246,162215.9144
213,5938.9876,0.0,162276.9,0.0,5938.9876,162276.9
214,5953.7634,0.0,162563.7906,0.0,5953.7634,162563.7906
215,5995.7881,0.0,162784.1814,0.0,5995.7881,162784.1814
216,5824.7322,0.0,160857.0981,0.0,5824.7322,160857.0981
217,5811.7389,0.0,160988.255,0.0,5811.7389,160988.255
218,5842.1827,0.0,161734.7989,0.0,5842.1827,161734.7989
219,5840.4022,0.0,161497.4122,0.0,5840.4022,161497.4122
220,5816.8054,0.0,160995.7328,0.0,5816.8054,160995.7328
221,5808.9516,0.0,160651.5481,0.0,5808.9516,160651.5481
222,5821.7392,0.0,160849.0572,0.0,5821.7392,160849.0572
223,5842.9366,0.0,161034.5619,0.0,5842.9366,161034.5619
224,5893.1686,0.0,161352.0764,0.0,5893.1686,161352.0764
225,5905.3214,0.0,161519.4993,0.0,5905.3214,161519.4993
226,5954.6444,0.0,162176.2817,0.0,5954.6444,162176.2817
227,5959.9741,0.0,162118.9853,0.0,5959.9741,162118.9853
228,5964.7429,0.0,162059.8819,0.0,5964.7429,162059.8819
229,6005.0758,0.0,162756.6394,0.0,6005.0758,162756.6394
230,6065.3746,0.0,164092.7717,0.0,6065.3746,164092.7717
231,6091.081,0.0,164259.1436,0.0,6091.081,164259.1436
232,6072.2783,0.0,163835.0397,0.0,6072.2783,163835.0397
233,6044.2188,0.0,163328.5831,0.0,6044.2188,163328.5831
234,6043.886,0.0,163240.8731,0.0,6043.886,163240.8731
235,6059.8293,0.0,163364.4664,0.0,6059.8293,163364.4664
236,6074.9017,0.0,163548.4017,0.0,6074.9017,163548.4017
237,6052.0008,0.0,163037.7425,0.0,6052.0008,163037.7425
238,6068.8247,0.0,163231.925,0.0,6068.8247,163231.925
239,6060.3464,0.0,163162.1402,0.0,6060.3464,163162.1402
240,5632.2825,0.0,156598.3744,0.0,5632.2825,156598.3744
241,5721.5399,0.0,158730.5753,0.0,5721.5399,158730.5753
242,5713.2114,0.0,158683.725,0.0,5713.2114,158683.725
243,5676.6511,0.0,158075.1622,0.0,5676.6511,158075.1622
244,5644.5609,0.0,157503.1511,0.0,5644.5609,157503.1511
245,5626.7873,0.0,157079.7172,0.0,5626.7873,157079.7172
246,5596.243,0.0,156528.4939,0.0,5596.243,156528.4939
247,5585.36,0.0,156107.9733,0.0,5585.36,156107.9733
248,5627.413,0.0,156254.4622,0.0,5627.413,156254.4622
249,5635.1052,0.0,156340.2164,0.0,5635.1052,156340.2164
250,5738.3545,0.0,157827.7714,0.0,5738.3545,157827.7714
251,5907.603,0.0,160240.2497,0.0,5907.603,160240.2497
252,6003.0883,0.0,161566.0072,0.0,6003.0883,161566.0072
253,6103.0743,0.0,162406.2853,0.0,6103.0743,162406.2853
254,6114.0969,0.0,162281.0581,0.0,6114.0969,162281.0581
255,6156.5774,0.0,163025.6169,0.0,6156.5774,163025.6169
256,6188.6914,0.0,163209.6344,0.0,6188.6914,163209.6344
257,6220.7701,0.0,163515.2317,0.0,6220.7701,163515.2317
258,6237.4286,0.0,163593.8019,0.0,6237.4286,163593.8019
259,6206.8204,0.0,163618.9822,0.0,6206.8204,163618.9822
260,6203.5,0.0,163624.9425,0.0,6203.5,163624.9425
261,6230.6369,0.0,163808.3994,0.0,6230.6369,163808.3994
262,6230.2354,0.0,163683.9553,0.0,6230.2354,163683.9553
263,6231.9441,0.0,163742.4044,0.0,6231.9441,163742.4044
264,5848.1368,0.0,157395.2217,0.0,5848.1368,157395.2217
265,5940.828,0.0,160517.4783,0.0,5940.828,160517.4783
266,6428.1704,0.0,172324.1806,0.0,6428.1704,172324.1806
267,6085.8107,0.0,164449.6194,0.0,6085.8107,164449.6194
268,5834.6758,0.0,158780.3322,0.0,5834.6758,158780.3322
269,5781.3699,0.0,157547.6225,0.0,5781.3699,157547.6225
270,5797.4633,0.0,157937.3522,0.0,5797.4633,157937.3522
271,5814.9475,0.0,158272.44,0.0,5814.9475,158272.44
272,5858.8831,0.0,158472.5417,0.0,5858.8831,158472.5417
273,5878.9978,0.0,158486.595,0.0,5878.9978,158486.595
274,5928.8077,0.0,159425.49,0.0,5928.8077,159425.49
275,6066.792,0.0,161531.7517,0.0,6066.792,161531.7517
276,6120.3989,0.0,161981.0536,0.0,6120.3989,161981.0536
277,6109.7575,0.0,162090.0717,0.0,6109.7575,162090.0717
278,6145.8129,0.0,162455.3261,0.0,6145.8129,162455.3261
279,6232.0168,0.0,163871.3689,0.0,6232.0168,163871.3689
280,6262.5785,0.0,164444.3975,0.0,6262.5785,164444.3975
281,6319.4993,0.0,165100.1008,0.0,6319.4993,165100.1008
282,6288.1761,0.0,164365.1172,0.0,6288.1761,164365.1172
283,6319.0832,0.0,164574.6894,0.0,6319.0832,164574.6894
284,6348.7398,0.0,165066.9617,0.0,6348.7398,165066.9617
285,6354.8451,0.0,164841.2661,0.0,6354.8451,164841.2661
286,6388.3262,0.0,165419.7942,0.0,6388.3262,165419.7942
287,6330.372,0.0,165055.9683,0.0,6330.372,165055.9683
288,5791.2785,0.0,158022.455,0.0,5791.2785,158022.455
289,5770.2394,0.0,157826.4842,0.0,5770.2394,157826.4842
290,5726.672,0.0,157261.3794,0.0,5726.672,157261.3794
291,5726.1732,0.0,157230.1172,0.0,5726.1732,157230.1172
292,5743.4034,0.0,157484.2522,0.0,5743.4034,157484.2522
293,5747.8008,0.0,157588.1836,0.0,5747.8008,157588.1836
294,5749.9144,0.0,157621.345,0.0,5749.9144,157621.345
295,5770.4482,0.0,157685.1383,0.0,5770.4482,157685.1383
296,5837.2928,0.0,158214.1789,0.0,5837.2928,158214.1789
297,5839.2444,0.0,158115.5875,0.0,5839.2444,158115.5875
298,5970.7471,0.0,160042.5543,0.0,5970.7471,160042.5543
299,6131.9056,0.0,161720.3319,0.0,6131.9056,161720.3319
300,6155.7272,0.0,161962.6267,0.0,6155.7272,161962.6267
301,6141.7115,0.0,161954.5664,0.0,6141.7115,161954.5664
302,6159.2245,0.0,162231.6892,0.0,6159.2245,162231.6892
303,6187.9528,0.0,162931.1586,0.0,6187.9528,162931.1586
304,6252.4211,0.0,163958.1431,0.0,6252.4211,163958.1431
305,6308.6091,0.0,164727.2859,0.0,6308.6091,164727.2859
306,6339.3662,0.0,164929.0404,0.0,6339.3662,164929.0404
307,6393.8929,0.0,165563.915,0.0,6393.8929,165563.915
308,6474.8484,0.0,166873.4994,0.0,6474.8484,166873.4994
309,6467.7727,0.0,166769.9281,0.0,6467.7727,166769.9281
310,6427.2892,0.0,166349.7475,0.0,6427.2892,166349.7475
311,6390.0489,0.0,165908.483,0.0,6390.0489,165908.483
312,5790.3716,0.0,157018.0186,0.0,5790.3716,157018.0186
313,5738.0863,0.0,156467.7364,0.0,5738.0863,156467.7364
314,5679.0065,0.0,155708.3294,0.0,5679.0065,155708.3294
315,5666.3732,0.0,155499.6094,0.0,5666.3732,155499.6094
316,5657.494,0.0,155329.1203,0.0,5657.494,155329.1203
317,5654.3338,0.0,155350.0333,0.0,5654.3338,155350.0333
318,5655.402,0.0,155440.1528,0.0,5655.402,155440.1528
319,5672.1407,0.0,155629.4394,0.0,5672.1407,155629.4394
320,5734.4698,0.0,155956.0353,0.0,5734.4698,155956.0353
321,5741.128,0.0,156135.0281,0.0,5741.128,156135.0281
322,5878.7379,0.0,157911.9714,0.0,5878.7379,157911.9714
323,6010.4549,0.0,159279.1575,0.0,6010.4549,159279.1575
324,6118.9328,0.0,160221.5178,0.0,6118.9328,160221.5178
325,6122.6028,0.0,160121.1775,0.0,6122.6028,160121.1775
326,6129.0298,0.0,160797.9825,0.0,6129.0298,160797.9825
327,6221.5019,0.0,161876.6672,0.0,6221.5019,161876.6672
328,6237.6342,0.0,162384.1544,0.0,6237.6342,162384.1544
329,6203.2052,0.0,162099.1156,0.0,6203.2052,162099.1156
330,6225.9534,0.0,162277.8592,0.0,6225.9534,162277.8592
331,6216.6776,0.0,162185.3258,0.0,6216.6776,162185.3258
332,6249.2411,0.0,162436.3414,0.0,6249.2411,162436.3414
333,6277.2069,0.0,162733.1444,0.0,6277.2069,162733.1444
334,6238.3548,0.0,162163.4228,0.0,6238.3548,162163.4228
335,6217.6074,0.0,161690.1039,0.0,6217.6074,161690.1039
336,5690.0736,0.0,152187.3528,0.0,5690.0736,152187.3528
337,5648.394,0.0,152003.8819,0.0,5648.394,152003.8819
338,5626.7336,0.0,151907.0172,0.0,5626.7336,151907.0172
339,5614.3921,0.0,151848.8811,0.0,5614.3921,151848.8811
340,5595.9404,0.0,151722.2769,0.0,5595.9404,151722.2769
341,5569.5131,0.0,151520.1717,0.0,5569.5131,151520.1717
342,5559.9267,0.0,151468.8706,0.0,5559.9267,151468.8706
343,5547.7092,0.0,151264.0222,0.0,5547.7092,151264.0222
344,5560.7637,0.0,151351.37,0.0,5560.7637,151351.37
345,5544.6373,0.0,151415.6036,0.0,5544.6373,151415.6036
346,5683.5858,0.0,153572.8811,0.0,5683.5858,153572.8811
347,5868.8703,0.0,157569.1589,0.0,5868.8703,157569.1589
348,5887.8327,0.0,157867.9514,0.0,5887.8327,157867.9514
349,5904.0953,0.0,158123.5936,0.0,5904.0953,158123.5936
350,5970.9678,0.0,159299.9003,0.0,5970.9678,159299.9003
351,6020.3419,0.0,160165.8219,0.0,6020.3419,160165.8219
352,6082.398,0.0,160750.7261,0.0,6082.398,160750.7261
353,6169.8088,0.0,161856.6633,0.0,6169.8088,161856.6633
354,6177.6317,0.0,162202.2222,0.0,6177.6317,162202.2222
355,6147.4011,0.0,161914.8722,0.0,6147.4011,161914.8722
356,6148.9849,0.0,162082.5931,0.0,6148.9849,162082.5931
357,6189.8163,0.0,162575.4956,0.0,6189.8163,162575.4956
358,6172.036,0.0,162336.8675,0.0,6172.036,162336.8675
359,6163.5476,0.0,162029.6747,0.0,6163.5476,162029.6747
360,5796.0109,0.0,157789.0656,0.0,5796.0109,157789.0656
361,5796.2406,0.0,157995.5356,0.0,5796.2406,157995.5356
362,5801.6788,0.0,158055.3417,0.0,5801.6788,158055.3417
363,5801.9013,0.0,158064.6628,0.0,5801.9013,158064.6628
364,5782.4583,0.0,157838.4953,0.0,5782.4583,157838.4953
365,5772.2042,0.0,157682.0117,0.0,5772.2042,157682.0117
366,5767.2461,0.0,157757.2406,0.0,5767.2461,157757.2406
367,5782.5155,0.0,157650.4689,0.0,5782.5155,157650.4689
368,5835.9541,0.0,157897.4603,0.0,5835.9541,157897.4603
369,5851.1413,0.0,158037.7931,0.0,5851.1413,158037.7931
370,5869.9986,0.0,158377.4392,0.0,5869.9986,158377.4392
371,5899.2734,0.0,158967.6067,0.0,5899.2734,158967.6067
372,5872.1832,0.0,158687.3653,0.0,5872.1832,158687.3653
373,5887.2877,0.0,158844.7531,0.0,5887.2877,158844.7531
374,5993.3322,0.0,159832.7842,0.0,5993.3322,159832.7842
375,5943.008,0.0,158949.2294,0.0,5943.008,158949.2294
376,5959.2353,0.0,159170.2358,0.0,5959.2353,159170.2358
377,5979.6912,0.0,159460.6492,0.0,5979.6912,159460.6492
378,5977.5849,0.0,159433.3353,0.0,5977.5849,159433.3353
379,5993.6109,0.0,159643.1917,0.0,5993.6109,159643.1917
380,5984.343,0.0,159528.0264,0.0,5984.343,159528.0264
381,5998.0133,0.0,159604.3533,0.0,5998.0133,159604.3533
382,6046.5146,0.0,159858.82,0.0,6046.5146,159858.82
383,6072.8712,0.0,160177.7208,0.0,6072.8712,160177.7208
384,5810.109,0.0,157063.6936,0.0,5810.109,157063.6936
385,5782.9403,0.0,156834.5092,0.0,5782.9403,156834.5092
386,5787.5707,0.0,156898.5417,0.0,5787.5707,156898.5417
387,5782.7595,0.0,156871.0211,0.0,5782.7595,156871.0211
388,5790.4556,0.0,156912.6575,0.0,5790.4556,156912.6575
389,5797.6753,0.0,157055.8917,0.0,5797.6753,157055.8917
390,5804.1829,0.0,157300.6128,0.0,5804.1829,157300.6128
391,5833.96,0.0,157533.9467,0.0,5833.96,157533.9467
392,5868.4977,0.0,157800.6331,0.0,5868.4977,157800.6331
393,5875.302,0.0,157917.735,0.0,5875.302,157917.735
394,5875.3711,0.0,157846.4069,0.0,5875.3711,157846.4069
395,5878.9553,0.0,157869.0011,0.0,5878.9553,157869.0011
396,5876.0583,0.0,157776.3114,0.0,5876.0583,157776.3114
397,5904.2177,0.0,158071.2569,0.0,5904.2177,158071.2569
398,5942.6438,0.0,158812.4533,0.0,5942.6438,158812.4533
399,5988.1254,0.0,159618.725,0.0,5988.1254,159618.725
400,5986.1464,0.0,159556.4392,0.0,5986.1464,159556.4392
401,5985.9016,0.0,159476.9906,0.0,5985.9016,159476.9906
402,6023.2546,0.0,159731.7283,0.0,6023.2546,159731.7283
403,6017.5548,0.0,159761.6478,0.0,6017.5548,159761.6478
404,6000.6879,0.0,159757.3704,0.0,6000.6879,159757.3704
405,6021.9114,0.0,159892.2913,0.0,6021.9114,159892.2913
406,6029.2088,0.0,159989.9725,0.0,6029.2088,159989.9725
407,6067.7811,0.0,160438.3211,0.0,6067.7811,160438.3211
408,5671.0514,0.0,155109.7436,0.0,5671.0514,155109.7436
409,5640.0348,0.0,154800.7039,0.0,5640.0348,154800.7039
410,5628.8838,0.0,154710.3928,0.0,5628.8838,154710.3928
411,5618.0889,0.0,154626.0611,0.0,5618.0889,154626.0611
412,5624.556,0.0,154682.0872,0.0,5624.556,154682.0872
413,5631.4084,0.0,154743.7808,0.0,5631.4084,154743.7808
414,5636.0419,0.0,154820.0828,0.0,5636.0419,154820.0828
415,5663.3191,0.0,155018.135,0.0,5663.3191,155018.135
416,5725.3261,0.0,155396.5572,0.0,5725.3261,155396.5572
417,5734.0647,0.0,155654.3844,0.0,5734.0647,155654.3844
418,5867.5254,0.0,157403.7492,0.0,5867.5254,157403.7492
419,6056.8868,0.0,159734.49,0.0,6056.8868,159734.49
420,6164.5321,0.0,161003.5567,0.0,6164.5321,161003.5567
421,6149.2312,0.0,160896.4264,0.0,6149.2312,160896.4264
422,6190.0798,0.0,161797.2308,0.0,6190.0798,161797.2308
423,6278.7381,0.0,162949.0536,0.0,6278.7381,162949.0536
424,6333.1986,0.0,163803.2294,0.0,6333.1986,163803.2294
425,6383.4692,0.0,164116.8378,0.0,6383.4692,164116.8378
426,6318.0108,0.0,163529.7711,0.0,6318.0108,163529.7711
427,6322.635,0.0,163237.9853,0.0,6322.635,163237.9853
428,6334.5107,0.0,163449.8439,0.0,6334.5107,163449.8439
429,6297.0124,0.0,162896.7747,0.0,6297.0124,162896.7747
430,6269.0,0.0,162550.8867,0.0,6269.0,162550.8867
431,6302.0163,0.0,162698.1867,0.0,6302.0163,162698.1867
432,5785.9704,0.0,155752.9369,0.0,5785.9704,155752.9369
433,5712.9101,0.0,155077.7103,0.0,5712.9101,155077.7103
434,5675.6578,0.0,154768.9308,0.0,5675.6578,154768.9308
435,5687.6072,0.0,154916.5267,0.0,5687.6072,154916.5267
436,5698.0778,0.0,155034.5903,0.0,5698.0778,155034.5903
437,5692.0002,0.0,154977.0986,0.0,5692.0002,154977.0986
438,5721.5827,0.0,155260.7539,0.0,5721.5827,155260.7539
439,5720.9798,0.0,155280.4544,0.0,5720.9798,155280.4544
440,5773.8626,0.0,155626.9986,0.0,5773.8626,155626.9986
441,5816.6346,0.0,156108.9236,0.0,5816.6346,156108.9236
442,5868.9722,0.0,157025.9175,0.0,5868.9722,157025.9175
443,6045.5566,0.0,160727.1314,0.0,6045.5566,160727.1314
444,6105.5854,0.0,162045.54,0.0,6105.5854,162045.54
445,6078.9794,0.0,161223.8719,0.0,6078.9794,161223.8719
446,6146.2113,0.0,161984.3389,0.0,6146.2113,161984.3389
447,6227.3112,0.0,163142.5131,0.0,6227.3112,163142.5131
448,6286.8841,0.0,164018.2039,0.0,6286.8841,164018.2039
449,6362.7971,0.0,165296.7094,0.0,6362.7971,165296.7094
450,6401.1452,0.0,165860.7608,0.0,6401.1452,165860.7608
451,6394.4874,0.0,165621.1758,0.0,6394.4874,165621.1758
452,6426.4142,0.0,166150.3083,0.0,6426.4142,166150.3083
453,6422.0192,0.0,165861.9892,0.0,6422.0192,165861.9892
454,6428.7443,0.0,166023.4292,0.0,6428.7443,166023.4292
455,6403.7769,0.0,165641.0269,0.0,6403.7769,165641.0269
456,5869.0213,0.0,157367.4383,0.0,5869.0213,157367.4383
457,5846.5214,0.0,157100.5233,0.0,5846.5214,157100.5233
458,5832.7387,0.0,157000.8758,0.0,5832.7387,157000.8758
459,5841.1122,0.0,157166.2678,0.0,5841.1122,157166.2678
460,5847.4555,0.0,157317.8406,0.0,5847.4555,157317.8406
461,5867.1702,0.0,157525.4486,0.0,5867.1702,157525.4486
462,5871.0347,0.0,157442.8839,0.0,5871.0347,157442.8839
463,5885.784,0.0,157486.3628,0.0,5885.784,157486.3628
464,5943.4608,0.0,157846.0897,0.0,5943.4608,157846.0897
465,5966.5448,0.0,158273.1372,0.0,5966.5448,158273.1372
466,6053.8442,0.0,159396.2572,0.0,6053.8442,159396.2572
467,6185.8209,0.0,161067.3503,0.0,6185.8209,161067.3503
468,6241.5432,0.0,162030.2597,0.0,6241.5432,162030.2597
469,6280.0509,0.0,162215.0622,0.0,6280.0509,162215.0622
470,6318.3199,0.0,162697.5761,0.0,6318.3199,162697.5761
471,6366.6089,0.0,163443.6411,0.0,6366.6089,163443.6411
472,6371.2864,0.0,163441.1011,0.0,6371.2864,163441.1011
473,6474.7256,0.0,164155.4286,0.0,6474.7256,164155.4286
474,6469.8231,0.0,164328.4978,0.0,6469.8231,164328.4978
475,6470.1344,0.0,164513.9519,0.0,6470.1344,164513.9519
476,6473.7397,0.0,164388.9861,0.0,6473.7397,164388.9861
477,6525.195,0.0,164885.6186,0.0,6525.195,164885.6186
478,6549.1375,0.0,165292.6581,0.0,6549.1375,165292.6581
479,6532.6031,0.0,165383.2489,0.0,6532.6031,165383.2489
480,5887.1172,0.0,157832.4167,0.0,5887.1172,157832.4167
481,5852.7781,0.0,157621.1153,0.0,5852.7781,157621.1153
482,5813.2925,0.0,157254.2147,0.0,5813.2925,157254.2147
483,5803.3369,0.0,157144.3644,0.0,5803.3369,157144.3644
484,5802.8797,0.0,157189.0019,0.0,5802.8797,157189.0019
485,5809.5833,0.0,157240.9128,0.0,5809.5833,157240.9128
486,5815.5581,0.0,157246.5672,0.0,5815.5581,157246.5672
487,5827.1431,0.0,157273.5686,0.0,5827.1431,157273.5686
488,5910.7486,0.0,157918.9097,0.0,5910.7486,157918.9097
489,5981.4272,0.0,158601.2369,0.0,5981.4272,158601.2369
490,6032.9564,0.0,159400.1136,0.0,6032.9564,159400.1136
491,6177.2644,0.0,161382.0261,0.0,6177.2644,161382.0261
492,6244.7372,0.0,162419.1225,0.0,6244.7372,162419.1225
493,6258.7758,0.0,162426.7997,0.0,6258.7758,162426.7997
494,6396.1035,0.0,164623.4981,0.0,6396.1035,164623.4981
495,6475.0619,0.0,165465.1311,0.0,6475.0619,165465.1311
496,6491.2561,0.0,165565.6092,0.0,6491.2561,165565.6092
497,6530.6597,0.0,166098.3653,0.0,6530.6597,166098.3653
498,6564.7433,0.0,166605.2686,0.0,6564.7433,166605.2686
499,6510.4594,0.0,165981.1781,0.0,6510.4594,165981.1781
500,6528.3822,0.0,166122.0697,0.0,6528.3822,166122.0697
501,6494.3733,0.0,165685.5122,0.0,6494.3733,165685.5122
502,6493.56,0.0,165690.0917,0.0,6493.56,165690.0917
503,6469.9239,0.0,165461.0708,0.0,6469.9239,165461.0708
504,5759.0258,0.0,154882.9989,0.0,5759.0258,154882.9989
505,5734.12,0.0,154691.9528,0.0,5734.12,154691.9528
506,5731.9561,0.0,154556.3408,0.0,5731.9561,154556.3408
507,5722.2503,0.0,154632.5306,0.0,5722.2503,154632.5306
508,5761.1344,0.0,155084.0972,0.0,5761.1344,155084.0972
509,5731.1783,0.0,154578.2392,0.0,5731.1783,154578.2392
510,5728.4392,0.0,154416.2733,0.0,5728.4392,154416.2733
511,5771.2294,0.0,154917.6733,0.0,5771.2294,154917.6733
512,5839.9931,0.0,155421.8847,0.0,5839.9931,155421.8847
513,5868.3467,0.0,155707.8344,0.0,5868.3467,155707.8344
514,5951.3042,0.0,157057.7803,0.0,5951.3042,157057.7803
515,6109.0394,0.0,159380.1336,0.0,6109.0394,159380.1336
516,6143.2283,0.0,159801.7033,0.0,6143.2283,159801.7033
517,6250.39,0.0,161258.5156,0.0,6250.39,161258.5156
518,6273.2692,0.1225,161625.7611,1.96,6273.3917,161627.7211
519,6318.5394,0.0,162586.1136,0.0,6318.5394,162586.1136
520,6404.3081,0.0,163539.5589,0.0,6404.3081,163539.5589
521,6450.3172,0.0,164160.0208,0.0,6450.3172,164160.0208
522,6437.36,0.0,163895.8014,0.0,6437.36,163895.8014
523,6396.3069,0.0,163342.7331,0.0,6396.3069,163342.7331
524,6405.6953,0.0,163256.5936,0.0,6405.6953,163256.5936
525,6359.5856,0.0,162831.6214,0.0,6359.5856,162831.6214
526,6390.5858,0.0,162881.6442,0.0,6390.5858,162881.6442
527,6502.7722,0.0,163220.8364,0.0,6502.7722,163220.8364
528,5963.7003,0.0,157322.2586,0.0,5963.7003,157322.2586
529,5921.6081,0.0,157082.8961,0.0,5921.6081,157082.8961
530,5907.3267,0.0,156946.1756,0.0,5907.3267,156946.1756
531,5905.7884,0.0,156990.3236,0.0,5905.7884,156990.3236
532,5914.1056,0.0,157064.7072,0.0,5914.1056,157064.7072
533,5934.7133,0.0,157206.7156,0.0,5934.7133,157206.7156
534,5946.5344,0.0,157352.0375,0.0,5946.5344,157352.0375
535,5957.5661,0.0,157410.8011,0.0,5957.5661,157410.8011
536,6011.6003,0.0,157871.8592,0.0,6011.6003,157871.8592
537,6024.9789,0.0,158175.695,0.0,6024.9789,158175.695
538,6046.6356,0.0,158513.8006,0.0,6046.6356,158513.8006
539,6061.5628,0.0,158577.2953,0.0,6061.5628,158577.2953
540,6086.5336,0.0,158909.8881,0.0,6086.5336,158909.8881
541,6104.3819,0.0,159016.7867,0.0,6104.3819,159016.7867
542,6139.2386,0.0,159551.6619,0.0,6139.2386,159551.6619
543,6192.1789,0.0,160342.2086,0.0,6192.1789,160342.2086
544,6254.136,0.0,161183.81,0.0,6254.136,161183.81
545,6234.7039,0.0,160758.2428,0.0,6234.7039,160758.2428
546,6255.5992,0.0,160916.6708,0.0,6255.5992,160916.6708
547,6265.3917,0.0,160954.6639,0.0,6265.3917,160954.6639
548,6288.6542,0.0,161166.2667,0.0,6288.6542,161166.2667
549,6330.4064,0.0,161758.2019,0.0,6330.4064,161758.2019
550,6464.64,0.0,162790.0406,0.0,6464.64,162790.0406
551,6476.8258,0.0,162957.0247,0.0,6476.8258,162957.0247
552,5986.9142,0.0,157821.9053,0.0,5986.9142,157821.9053
553,5965.2817,0.0,157739.4725,0.0,5965.2817,157739.4725
554,5946.165,0.0,157776.2117,0.0,5946.165,157776.2117
555,5952.9042,0.0,157891.5256,0.0,5952.9042,157891.5256
556,5944.9428,0.0,157790.5914,0.0,5944.9428,157790.5914
557,5960.1994,0.0,157980.1336,0.0,5960.1994,157980.1336
558,5969.4322,0.0,158047.8006,0.0,5969.4322,158047.8006
559,5977.9911,0.0,158167.4228,0.0,5977.9911,158167.4228
560,6019.9014,0.0,158429.8667,0.0,6019.9014,158429.8667
561,6035.8575,0.0,158787.6411,0.0,6035.8575,158787.6411
562,6067.7131,0.0,159284.5406,0.0,6067.7131,159284.5406
563,6097.0419,0.0,159550.0889,0.0,6097.0419,159550.0889
564,6108.9261,0.0,159584.2061,0.0,6108.9261,159584.2061
565,6155.4556,0.0,160080.7642,0.0,6155.4556,160080.7642
566,6262.6714,0.0,160605.2986,0.0,6262.6714,160605.2986
567,6267.2203,0.0,160626.2372,0.0,6267.2203,160626.2372
568,6289.1856,0.0,160790.5761,0.0,6289.1856,160790.5761
569,6323.2514,0.0,161038.9078,0.0,6323.2514,161038.9078
570,6319.9658,0.0,160803.0711,0.0,6319.9658,160803.0711
571,6319.3528,0.0,160809.805,0.0,6319.3528,160809.805
572,6348.8756,0.0,160949.3931,0.0,6348.8756,160949.3931
573,6330.1833,0.0,161092.4325,0.0,6330.1833,161092.4325
574,6341.9294,0.0,161580.3883,0.0,6341.9294,161580.3883
575,6380.9006,0.0,162417.9142,0.0,6380.9006,162417.9142
576,5941.6333,0.0,155261.5083,0.0,5941.6333,155261.5083
577,5923.3236,0.0,155212.6033,0.0,5923.3236,155212.6033
578,5921.8794,0.0,155103.1661,0.0,5921.8794,155103.1661
579,5930.8181,0.0,155286.745,0.0,5930.8181,155286.745
580,5940.9203,0.0,155403.4031,0.0,5940.9203,155403.4031
581,5951.1667,0.0,155513.0283,0.0,5951.1667,155513.0283
582,5949.7706,0.0,155485.995,0.0,5949.7706,155485.995
583,5946.6633,0.0,155429.5917,0.0,5946.6633,155429.5917
584,5983.7419,0.0,155550.8072,0.0,5983.7419,155550.8072
585,6005.8322,0.0,155799.1406,0.0,6005.8322,155799.1406
586,6110.4706,0.0,157082.595,0.0,6110.4706,157082.595
587,6221.1306,0.0,158705.7261,0.0,6221.1306,158705.7261
588,6269.2883,0.0,160036.1108,0.0,6269.2883,160036.1108
589,6309.3717,0.0,160725.3272,0.0,6309.3717,160725.3272
590,6280.3047,0.0,159688.6594,0.0,6280.3047,159688.6594
591,6283.0756,0.0,159600.2967,0.0,6283.0756,159600.2967
592,6433.8547,0.0,161349.7639,0.0,6433.8547,161349.7639
593,6563.5986,0.0,163351.4672,0.0,6563.5986,163351.4672
594,6580.0903,0.0,165573.1425,0.0,6580.0903,165573.1425
595,6617.3683,0.0,167678.8217,0.0,6617.3683,167678.8217
596,6680.8531,0.0,168358.7686,0.0,6680.8531,168358.7686
597,6664.7686,0.0,168034.1275,0.0,6664.7686,168034.1275
598,6653.0703,0.0,168165.4706,0.0,6653.0703,168165.4706
599,6722.3347,0.0,168439.17,0.0,6722.3347,168439.17
600,6042.4689,0.0,157822.9161,0.0,6042.4689,157822.9161
601,5958.0594,0.0,156840.7278,0.0,5958.0594,156840.7278
602,5938.0419,0.0,156509.3514,0.0,5938.0419,156509.3514
603,5977.7136,0.0,157037.6111,0.0,5977.7136,157037.6111
604,5984.3053,0.0,157016.7819,0.0,5984.3053,157016.7819
605,5969.9125,0.0,156814.8525,0.0,5969.9125,156814.8525
606,5980.8881,0.0,156924.8894,0.0,5980.8881,156924.8894
607,5979.1928,0.0,156861.85,0.0,5979.1928,156861.85
608,6029.0169,0.0,157191.0072,0.0,6029.0169,157191.0072
609,6035.8,0.0,157359.3692,0.0,6035.8,157359.3692
610,6110.9806,0.0,158287.0114,0.0,6110.9806,158287.0114
611,6272.33,0.0,160363.9169,0.0,6272.33,160363.9169
612,6322.7164,0.0,161094.1167,0.0,6322.7164,161094.1167
613,6348.1511,0.0,161510.5433,0.0,6348.1511,161510.5433
614,6442.8836,0.0,162955.4683,0.0,6442.8836,162955.4683
615,6569.2003,0.0,164932.0447,0.0,6569.2003,164932.0447
616,6618.3572,0.0,165689.8411,0.0,6618.3572,165689.8411
617,6679.2131,0.0,166859.1622,0.0,6679.2131,166859.1622
618,6688.5162,0.0,167191.8992,0.0,6688.5162,167191.8992
619,6686.1254,0.0,167480.7031,0.0,6686.1254,167480.7031
620,6803.5481,0.0,169550.7011,0.0,6803.5481,169550.7011
621,6816.9403,0.0,169650.0056,0.0,6816.9403,169650.0056
622,6752.9994,0.0,168773.1706,0.0,6752.9994,168773.1706
623,6727.7638,0.0,168478.48,0.0,6727.7638,168478.48
624,6006.9656,0.0,157487.42,0.0,6006.9656,157487.42
625,5971.4953,0.0,157218.285,0.0,5971.4953,157218.285
626,5946.8522,0.0,156986.2408,0.0,5946.8522,156986.2408
627,5959.4236,0.0,157046.9967,0.0,5959.4236,157046.9967
628,5966.2289,0.0,157078.7544,0.0,5966.2289,157078.7544
629,5974.5992,0.0,157124.5806,0.0,5974.5992,157124.5806
630,5982.4908,0.0,157205.5828,0.0,5982.4908,157205.5828
631,5976.8911,0.0,157046.9717,0.0,5976.8911,157046.9717
632,6043.6328,0.0,157657.4097,0.0,6043.6328,157657.4097
633,6083.0071,0.0,158356.9919,0.0,6083.0071,158356.9919
634,6181.3631,0.0,159680.6925,0.0,6181.3631,159680.6925
635,6368.0386,0.0,162717.7511,0.0,6368.0386,162717.7511
636,6429.3833,0.0,163919.7894,0.0,6429.3833,163919.7894
637,6424.05,0.0,163650.5367,0.0,6424.05,163650.5367
638,6467.5672,0.0,164233.9722,0.0,6467.5672,164233.9722
639,6554.3481,0.0,165330.0892,0.0,6554.3481,165330.0892
640,6600.208,0.0,165829.0606,0.0,6600.208,165829.0606
641,6623.7124,0.0,166096.0394,0.0,6623.7124,166096.0394
642,6654.2181,0.0,166380.5558,0.0,6654.2181,166380.5558
643,6633.3982,0.0,166004.1564,0.0,6633.3982,166004.1564
644,6718.8231,0.0,166966.1594,0.0,6718.8231,166966.1594
645,6675.3947,0.0,166699.1969,0.0,6675.3947,166699.1969
646,6689.3694,0.0,166895.9717,0.0,6689.3694,166895.9717
647,6646.7151,0.0,166258.67,0.0,6646.7151,166258.67
648,6141.2158,0.0,160302.615,0.0,6141.2158,160302.615
649,6101.1925,0.0,159969.0344,0.0,6101.1925,159969.0344
650,6091.8489,0.0,159849.5553,0.0,6091.8489,159849.5553
651,6098.7486,0.0,159842.5061,0.0,6098.7486,159842.5061
652,6096.6572,0.0,159841.4414,0.0,6096.6572,159841.4414
653,6109.03,0.0,159924.2253,0.0,6109.03,159924.2253
654,6116.3297,0.0,160003.3647,0.0,6116.3297,160003.3647
655,6126.1622,0.0,160074.2422,0.0,6126.1622,160074.2422
656,6210.8039,0.0,160673.5481,0.0,6210.8039,160673.5481
657,6233.0492,0.0,161065.9389,0.0,6233.0492,161065.9389
658,6316.0689,0.0,162409.3653,0.0,6316.0689,162409.3653
659,6386.1094,0.3733,163343.0253,5.9733,6386.4828,163348.9986
660,6351.4086,0.3317,163697.0025,5.3067,6351.7403,163702.3092
661,6295.1878,0.0,163027.65,0.0,6295.1878,163027.65
662,6285.8665,0.2681,163153.7394,4.2889,6286.1346,163158.0283
663,6309.1514,1.0,163366.0522,16.0,6310.1514,163382.0522
664,6324.9861,1.0,163628.9861,16.0,6325.9861,163644.9861
665,6420.3629,1.0,165243.2433,16.0,6421.3629,165259.2433
666,6430.9133,1.0,165222.2019,16.0,6431.9133,165238.2019
667,6539.8117,1.0,165845.7558,16.0,6540.8117,165861.7558
668,6641.2669,1.0,166814.3817,16.0,6642.2669,166830.3817
669,6670.4418,1.0,167292.3003,16.0,6671.4418,167308.3003
670,6677.6375,1.0,167252.1044,16.0,6678.6375,167268.1044
671,6643.1093,1.0,166782.6274,16.0,6644.1093,166798.6274
672,6023.6474,1.0,160015.0181,16.0,6024.6474,160031.0181
673,5998.4658,1.0,159892.6533,16.0,5999.4658,159908.6533
674,5996.4464,1.0,159937.5756,16.0,5997.4464,159953.5756
675,6005.4179,1.0,160082.6517,16.0,6006.4179,160098.6517
676,5995.9369,1.0,160021.7414,16.0,5996.9369,160037.7414
677,6000.0631,1.0,160025.0669,16.0,6001.0631,160041.0669
678,6010.5586,1.0,160179.1378,16.0,6011.5586,160195.1378
679,6035.9258,1.0,160507.9661,16.0,6036.9258,160523.9661
680,6115.0975,1.0,160996.0178,16.0,6116.0975,161012.0178
681,6134.9828,1.0,161233.7789,16.0,6135.9828,161249.7789
682,6186.9224,1.0,161894.8403,16.0,6187.9224,161910.8403
683,6334.1642,1.5053,163722.2686,28.1267,6335.6694,163750.3953
684,6434.4208,2.0,164808.4081,40.0,6436.4208,164848.4081
685,6466.0739,2.0,165382.5647,40.0,6468.0739,165422.5647
686,6450.3506,2.0,165202.6753,40.0,6452.3506,165242.6753
687,6516.6906,1.2758,165997.9669,22.62,6517.9664,166020.5869
688,6554.1513,1.0511,166785.5575,16.8178,6555.2024,166802.3753
689,6614.3561,4.0878,167737.2267,59.2289,6618.4439,167796.4556
690,6612.0489,5.0,167596.9933,72.0,6617.0489,167668.9933
691,6561.0189,5.0,166947.5792,72.0,6566.0189,167019.5792
692,6532.2456,5.0853,166590.8453,72.6822,6537.3308,166663.5275
693,6497.3656,5.0,166202.3231,72.0,6502.3656,166274.3231
694,6455.7253,5.49,165568.4231,75.92,6461.2153,165644.3431
695,6452.9467,5.0,165487.5356,72.0,6457.9467,165559.5356
696,6188.9868,5.0,161948.6978,72.0,6193.9868,162020.6978
697,6147.3417,5.0,161440.9547,72.0,6152.3417,161512.9547
698,6137.2167,5.0436,161420.5033,72.3489,6142.2603,161492.8522
699,6140.4181,5.0592,161550.3172,72.4733,6145.4772,161622.7906
700,6144.9694,5.0,161574.2697,72.0,6149.9694,161646.2697
701,6155.0992,5.0581,161666.8728,72.4644,6160.1572,161739.3372
702,6164.9733,5.0,161734.9728,72.0,6169.9733,161806.9728
703,6175.1269,5.0,161816.2261,72.0,6180.1269,161888.2261
704,6250.2314,5.0,162327.2181,72.0,6255.2314,162399.2181
705,6257.2764,5.0,162502.3625,72.0,6262.2764,162574.3625
706,6256.1928,5.0,162511.3664,72.0,6261.1928,162583.3664
707,6289.6611,5.1125,163006.82,72.9,6294.7736,163079.72
708,6308.9961,5.0,163246.6183,72.0,6313.9961,163318.6183
709,6305.6228,5.0,163285.3081,72.0,6310.6228,163357.3081
710,6335.7281,5.0,163644.8606,72.0,6340.7281,163716.8606
711,6360.615,5.0,163912.4806,72.0,6365.615,163984.4806
712,6368.3122,5.0,163967.7608,72.0,6373.3122,164039.7608
713,6387.9083,5.0,164281.4,72.0,6392.9083,164353.4
714,6387.6744,5.0,164363.9767,72.0,6392.6744,164435.9767
715,6378.1281,5.0,164356.055,72.0,6383.1281,164428.055
716,6386.4247,5.0,164469.4658,72.0,6391.4247,164541.4658
717,6374.2592,5.0,164313.1789,72.0,6379.2592,164385.1789
718,6355.0994,5.0,164021.5556,72.0,6360.0994,164093.5556
719,6350.5475,7.1931,163937.3183,93.9306,6357.7406,164031.2489
720,6050.2367,15.2581,160065.4303,174.5806,6065.4947,160240.0108
721,6024.2367,16.2842,159976.4442,184.8417,6040.5208,160161.2858
722,6020.6931,16.0,159953.8017,182.0,6036.6931,160135.8017
723,6038.8831,17.5411,160216.2494,197.4111,6056.4242,160413.6606
724,6043.2875,20.0231,160259.4756,222.2306,6063.3106,160481.7061
725,6054.2969,25.0003,160333.2125,272.0028,6079.2972,160605.2153
726,6049.8436,24.7486,160160.4367,269.4861,6074.5922,160429.9228
727,6056.9422,25.1181,160213.18,273.1806,6082.0603,160486.3606
728,6112.8478,27.7719,160530.3911,299.7194,6140.6197,160830.1106
729,6122.0881,28.81,160728.7919,310.1,6150.8981,161038.8919
730,6154.0828,28.3742,161257.2197,305.7417,6182.4569,161562.9614
731,6167.0656,29.4958,161411.2675,316.9583,6196.5614,161728.2258
732,6172.2269,30.5494,161581.9569,327.4944,6202.7764,161909.4514
733,6152.7164,31.8403,161351.7478,340.4028,6184.5567,161692.1506
734,6151.4803,31.0,161323.5539,332.0,6182.4803,161655.5539
735,6184.0803,30.4989,161616.8946,326.9889,6214.5792,161943.8835
736,6198.1558,29.8575,161845.3781,320.575,6228.0133,162165.9531
737,6217.8542,28.9586,161723.6956,311.5861,6246.8128,162035.2817
738,6234.0658,28.0,161820.4714,302.0,6262.0658,162122.4714
739,6263.6261,26.41,162239.0064,286.1,6290.0361,162525.1064
740,6286.7483,26.3667,162527.7325,285.6667,6313.115,162813.3992
741,6294.9772,26.5656,162621.3828,287.6556,6321.5428,162909.0383
742,6340.5386,24.8783,163407.6644,270.7833,6365.4169,163678.4478
743,6334.9554,24.5956,163328.5811,267.9556,6359.551,163596.5367
744,5979.4008,14.5875,157629.4464,188.0972,5993.9883,157817.5436
745,5958.6953,11.155,157655.4881,133.55,5969.8503,157789.0381
746,6010.1878,25.6722,158433.0044,417.2811,6035.86,158850.2856
747,6029.7306,57.5722,158725.2194,1131.1611,6087.3028,159856.3806
748,6019.8444,67.8772,158593.8961,1358.5344,6087.7217,159952.4306
749,6031.4047,65.9003,158751.2614,1313.6894,6097.305,160064.9508
750,6064.1872,56.3539,159185.1211,1102.9589,6120.5411,160288.08
751,6060.3394,60.3183,159148.9772,1192.4078,6120.6578,160341.385
752,6099.8967,60.6589,159209.3033,1202.1544,6160.5556,160411.4578
753,6093.5731,66.2761,159086.2006,1321.6656,6159.8492,160407.8661
754,6173.0672,61.3431,160055.5133,1236.9122,6234.4103,161292.4256
755,6301.2592,68.0767,161572.5272,1360.7233,6369.3358,162933.2506
756,6356.1164,69.5464,162173.07,1415.5856,6425.6628,163588.6556
757,6340.5022,73.3611,161926.2467,1472.3056,6413.8633,163398.5522
758,6382.0542,61.4611,162811.0528,1195.6917,6443.5153,164006.7444
759,6415.1935,59.1842,163582.4796,1133.7156,6474.3777,164716.1952
760,6454.7711,45.0606,164258.5894,784.9378,6499.8317,165043.5272
761,6540.1756,55.2581,165434.1819,916.2344,6595.4336,166350.4164
762,6609.9919,28.9433,166101.5633,395.5467,6638.9353,166497.11
763,6610.7653,25.9269,166242.2831,327.5739,6636.6922,166569.8569
764,6610.3467,42.0133,166143.375,650.7889,6652.36,166794.1639
765,6627.9758,55.7281,166391.2692,1015.3211,6683.7039,167406.5903
766,6639.4353,59.6633,166544.6836,1078.3994,6699.0986,167623.0831
767,6614.0494,60.5894,166198.4475,1029.1528,6674.6389,167227.6003
768,6127.5873,36.6222,159950.0028,518.4861,6164.2095,160468.4889
769,6066.9108,24.5281,159316.4908,362.13,6091.4389,159678.6208
770,6039.8636,23.9772,159077.3322,391.6744,6063.8408,159469.0067
771,6063.0594,20.3297,159278.2689,270.7617,6083.3892,159549.0306
772,6085.6731,17.0867,159549.7556,219.2133,6102.7597,159768.9689
773,6082.4917,21.0847,159586.4208,275.0911,6103.5764,159861.5119
774,6114.0703,16.2183,160129.8072,205.4133,6130.2886,160335.2206
775,6133.6217,14.0,160391.5811,176.0,6147.6217,160567.5811
776,6209.1992,11.0422,161017.5547,136.3511,6220.2414,161153.9058
777,6206.0944,5.0,160998.2906,56.0,6211.0944,161054.2906
778,6265.7205,27.901,161912.7578,507.9689,6293.6215,162420.7267
779,6315.5017,36.5504,162541.5475,637.8789,6352.0521,163179.4264
780,6386.8669,26.2504,163643.2169,436.9883,6413.1174,164080.2053
781,6367.695,22.4258,163305.2222,377.4083,6390.1208,163682.6306
782,6415.5403,23.0594,163974.3211,372.4278,6438.5997,164346.7489
783,6478.1019,31.1533,164543.0422,496.6756,6509.2553,165039.7178
784,6503.6075,34.6201,164905.4025,498.3583,6538.2276,165403.7608
785,6542.0825,28.0025,165475.1078,414.1589,6570.085,165889.2667
786,6615.905,47.7889,166439.9019,654.0961,6663.6939,167093.9981
787,6632.6906,45.1725,166968.0286,598.4122,6677.8631,167566.4408
788,6671.0917,49.7992,167396.1061,602.9656,6720.8908,167999.0717
789,6720.8903,56.1297,167884.4147,672.2936,6777.02,168556.7083
790,6700.3033,56.4506,167733.0006,674.6639,6756.7539,168407.6644
791,6687.9853,68.6483,167598.0322,864.0117,6756.6336,168462.0439
792,6137.9622,75.1625,160505.1014,1133.655,6213.1247,161638.7564
793,6100.2528,61.5908,160292.4061,910.2306,6161.8436,161202.6367
794,6076.1864,34.5803,160206.6108,401.1222,6110.7667,160607.7331
795,6098.3953,28.4803,160678.8789,329.7633,6126.8756,161008.6422
796,6081.4089,29.1661,160433.3753,337.9933,6110.575,160771.3686
797,6064.4217,25.9456,160134.2592,299.3467,6090.3672,160433.6058
798,6053.6517,29.9333,159846.2306,339.8094,6083.585,160186.04
799,6084.5633,31.7264,160163.1864,352.5461,6116.2897,160515.7325
800,6133.15,28.8183,160548.9436,319.3433,6161.9683,160868.2869
801,6137.7064,43.7997,160626.2558,499.5967,6181.5061,161125.8525
802,6237.7797,29.8739,161990.2942,340.7022,6267.6536,162330.9964
803,6337.1858,41.3581,163381.6564,565.1806,6378.5439,163946.8369
804,6352.8825,33.0972,163366.7769,425.0522,6385.9797,163791.8292
805,6358.8711,59.4642,163521.5408,738.0411,6418.3352,164259.5819
806,6455.3914,58.0211,165123.3083,704.7778,6513.4125,165828.0861
807,6559.9509,52.0172,166790.33,646.2339,6611.9682,167436.5639
808,6598.4672,52.0867,167225.5975,642.9339,6650.5539,167868.5314
809,6658.9625,46.3408,167912.0903,573.6186,6705.3033,168485.7089
810,6676.9992,52.8672,168232.2592,656.3311,6729.8664,168888.5903
811,6652.8728,56.2289,167899.2072,683.7467,6709.1017,168582.9539
812,6644.6553,60.1086,167552.1714,730.3033,6704.7639,168282.4747
813,6629.6686,54.7628,167393.9947,667.9739,6684.4314,168061.9686
814,6614.1897,52.3981,166977.9783,639.7767,6666.5878,167617.755
815,6628.4592,60.2278,167512.3708,730.5961,6688.687,168242.9669
816,6274.8381,60.8814,163015.9639,725.885,6335.7194,163741.8489
817,6245.7283,60.5181,162708.0781,731.0533,6306.2464,163439.1314
818,6248.2458,50.845,162722.9242,621.14,6299.0908,163344.0642
819,6282.97,45.0014,163200.1044,551.0167,6327.9714,163751.1211
820,6291.0136,36.0883,163306.7306,444.06,6327.1019,163750.7906
821,6300.4208,32.65,163394.71,402.8,6333.0708,163797.51
822,6303.5411,35.4528,163267.1967,436.4333,6338.9939,163703.63
823,6301.1353,29.6289,163221.9694,366.5467,6330.7642,163588.5161
824,6356.987,24.5394,163686.2578,305.4733,6381.5265,163991.7311
825,6350.4567,29.7489,163648.1514,373.8778,6380.2056,164022.0292
826,6435.3572,26.8264,165121.3158,354.5256,6462.1836,165475.8414
827,6494.4036,40.8358,165858.9092,603.4033,6535.2394,166462.3125
828,6494.0473,52.8153,165958.1861,820.7833,6546.8626,166778.9694
829,6509.9717,51.1158,166273.9192,800.39,6561.0875,167074.3092
830,6523.2729,53.9197,166624.2369,834.0367,6577.1926,167458.2736
831,6567.6683,50.6264,167199.7242,811.5178,6618.2947,168011.2419
832,6588.2614,47.4767,167276.8733,686.7967,6635.7381,167963.67
833,6590.1433,45.0975,167280.4675,575.7344,6635.2408,167856.2019
834,6611.2781,46.5661,167578.0697,576.1533,6657.8442,168154.2231
835,6634.5992,52.1608,167974.7808,652.93,6686.76,168627.7108
836,6649.6094,62.3772,168251.1239,778.8533,6711.9866,169029.9772
837,6645.5815,55.7408,168118.7031,695.4678,6701.3223,168814.1708
838,6624.0878,61.9686,167701.1708,836.1522,6686.0564,168537.3231
839,6582.9954,57.1167,167251.2289,750.6167,6640.1121,168001.8456
840,6320.4369,60.7858,164023.1664,736.43,6381.2228,164759.5964
841,6347.0949,33.2053,164492.5358,412.5278,6380.3002,164905.0636
842,6360.6251,38.1689,164532.7256,465.0267,6398.794,164997.7522
843,6371.6872,56.3225,164629.6956,893.7767,6428.0097,165523.4722
844,6373.3308,61.1467,164606.3219,1004.76,6434.4775,165611.0819
845,6392.3656,57.0,164859.2825,955.0,6449.3656,165814.2825
846,6387.7356,57.0,164765.1506,955.0,6444.7356,165720.1506
847,6356.3725,57.4094,164248.1439,959.9133,6413.7819,165208.0572
848,6398.9208,76.7403,164549.8392,1135.3678,6475.6611,165685.2069
849,6400.6381,76.2808,164558.0314,1098.37,6476.9189,165656.4014
850,6444.4689,44.7458,165207.9592,557.8233,6489.2147,165765.7825
851,6502.7897,41.0,166189.3967,515.0,6543.7897,166704.3967
852,6525.0717,41.0,166466.235,515.0,6566.0717,166981.235
853,6529.2311,36.4794,166447.8408,449.2822,6565.7106,166897.1231
854,6535.8314,56.8428,166630.7542,907.6011,6592.6742,167538.3553
855,6533.6197,88.3103,166744.1406,1623.4961,6621.93,168367.6367
856,6510.4356,61.4858,166347.59,926.7661,6571.9214,167274.3561
857,6505.7108,39.9889,166243.4256,494.8444,6545.6997,166738.27
858,6504.8244,41.6803,166127.48,523.1633,6546.5047,166650.6433
859,6507.6806,41.0,166186.9158,515.0,6548.6806,166701.9158
860,6482.9525,45.0822,165795.7978,634.1111,6528.0347,166429.9089
861,6464.2631,61.6814,165552.5819,834.2722,6525.9444,166386.8542
862,6479.2469,60.6983,165639.6339,737.6289,6539.9453,166377.2628
863,6515.9253,65.8103,165891.5164,830.7981,6581.7356,166722.3144
864,6213.9106,88.1611,162460.8375,1150.5689,6302.0717,163611.4064
865,6198.21,88.5892,162597.635,1124.3189,6286.7992,163721.9539
866,6212.3939,74.6725,163003.9614,906.8411,6287.0664,163910.8025
867,6212.9994,75.2336,162991.87,921.4456,6288.2331,163913.3156
868,6216.6353,66.5342,163050.8331,819.6189,6283.1694,163870.4519
869,6197.4144,59.2703,162657.7486,777.3322,6256.6847,163435.0808
870,6201.0808,47.92,162651.1894,602.9222,6249.0008,163254.1117
871,6211.3983,47.3128,162817.8461,578.1822,6258.7111,163396.0283
872,6261.0789,46.4772,163132.4328,561.7267,6307.5561,163694.1594
873,6265.5553,45.5569,163195.3719,550.6833,6311.1122,163746.0553
874,6275.9825,43.8439,163357.1558,530.1267,6319.8264,163887.2825
875,6288.6433,37.3094,163453.9936,451.7133,6325.9528,163905.7069
876,6315.6031,32.1075,163922.5914,399.5636,6347.7106,164322.155
877,6343.1114,53.8142,164345.3297,680.3589,6396.9256,165025.6886
878,6360.6533,141.1586,164602.5914,2277.83,6501.8119,166880.4214
879,6396.12,116.4861,165091.8772,1651.2894,6512.6061,166743.1667
880,6406.4447,100.9406,165297.4367,1307.2353,6507.3853,166604.6719
881,6415.5056,84.0897,165430.3289,1133.0767,6499.5953,166563.4056
882,6441.0225,66.1747,165735.2264,920.4219,6507.1972,166655.6483
883,6469.9194,75.1181,166203.4492,1015.4167,6545.0375,167218.8658
884,6492.1725,62.3836,166240.6022,861.3589,6554.5561,167101.9611
885,6476.0239,47.8733,165900.3333,686.2267,6523.8972,166586.56
886,6487.8381,39.7569,166062.8906,571.2608,6527.595,166634.1514
887,6477.4486,70.5667,166014.6319,1121.7178,6548.0153,167136.3497
888,6175.8331,55.7889,162342.0539,760.5822,6231.6219,163102.6361
889,6183.6539,39.7414,162654.4133,513.5078,6223.3953,163167.9211
890,6177.6603,32.0,162617.4758,404.0,6209.6603,163021.4758
891,6160.2792,32.0,162356.7478,404.0,6192.2792,162760.7478
892,6128.2597,41.8133,161661.845,629.7067,6170.0731,162291.5517
893,6113.3653,48.0,161353.1125,772.0,6161.3653,162125.1125
894,6123.0694,48.0,161462.415,772.0,6171.0694,162234.415
895,6123.5614,48.0,161407.3311,772.0,6171.5614,162179.3311
896,6171.0864,48.0,161716.5517,772.0,6219.0864,162488.5517
897,6172.9772,48.0,161783.0418,772.0,6220.9772,162555.0418
898,6329.7647,72.7942,164631.6919,1077.7789,6402.5589,165709.4708
899,6423.1075,103.3267,165610.1467,1559.3733,6526.4342,167169.52
900,6506.2858,92.7203,166914.7331,1416.0522,6599.0061,168330.7853
901,6436.9281,100.6208,165707.5608,1521.0056,6537.5489,167228.5664
902,6495.2961,95.7375,165955.7142,1448.6211,6591.0336,167404.3353
903,6636.3456,107.5781,167129.6353,1633.1306,6743.9236,168762.7658
904,6685.3672,104.5167,168035.5567,1541.2,6789.8839,169576.7567
905,6754.3358,95.0914,168995.0531,1344.0261,6849.4272,170339.0792
906,6853.4986,88.7517,170618.5011,1187.1733,6942.2503,171805.6744
907,6871.5431,59.1339,171083.5517,827.5067,6930.6769,171911.0583
908,6810.9889,75.8783,171471.3044,1146.4367,6886.8672,172617.7411
909,6797.7856,77.4869,171217.9081,1226.0922,6875.2725,172444.0003
910,6761.8244,58.9961,170753.4339,1004.1394,6820.8206,171757.5733
911,6729.0694,51.11,170395.5533,810.7628,6780.1794,171206.3161
912,6290.4236,50.8903,163145.4103,811.7031,6341.3139,163957.1133
913,6292.8803,42.4147,162929.7472,590.8378,6335.295,163520.585
914,6272.87,35.0,162446.2433,427.0,6307.87,162873.2433
915,6275.0222,34.4981,162512.8133,419.4708,6309.5203,162932.2842
916,6269.7756,34.0,162399.5128,412.0,6303.7756,162811.5128
917,6284.7769,34.0,162539.4931,412.0,6318.7769,162951.4931
918,6280.3644,34.0,162421.495,412.0,6314.3644,162833.495
919,6279.78,34.0,162346.3511,412.0,6313.78,162758.3511
920,6328.1333,34.0,162687.0981,412.0,6362.1333,163099.0981
921,6324.3564,31.6844,162582.765,379.5822,6356.0408,162962.3472
922,6351.9811,54.8328,163255.1906,942.9722,6406.8139,164198.1628
923,6455.9375,91.2719,164689.7817,1494.5111,6547.2094,166184.2928
924,6523.19,95.5689,165389.5344,1438.8867,6618.7589,166828.4211
925,6550.3331,84.1361,165981.9306,1302.4022,6634.4692,167284.3328
926,6625.9567,89.5044,166797.1019,1377.16,6715.4612,168174.2619
927,6666.6157,86.3972,167210.8761,1279.9622,6753.0129,168490.8383
928,6771.9058,85.3378,168215.8369,1204.3661,6857.2436,169420.2031
929,6803.5844,60.2547,168163.5589,887.6436,6863.8392,169051.2025
930,6773.5556,59.8236,167638.8819,779.2694,6833.3792,168418.1514
931,6756.8769,52.1914,167549.0589,679.4639,6809.0683,168228.5228
932,6781.4817,54.9294,167927.4528,796.6117,6836.4111,168724.0644
933,6778.7497,99.015,167773.595,1870.9467,6877.7647,169644.5417
934,6766.3103,94.6381,167748.1944,1769.3878,6860.9483,169517.5822
935,6794.0467,100.8008,168291.6367,1925.215,6894.8475,170216.8517
936,6710.5225,76.18,167584.1722,1336.14,6786.7025,168920.3122
937,6657.7211,68.0,167040.3008,1148.0,6725.7211,168188.3008
938,6624.6453,68.0,166465.2753,1148.0,6692.6453,167613.2753
939,6577.8689,68.0,165841.5089,1148.0,6645.8689,166989.5089
940,6547.6015,65.7772,165527.6056,1096.8761,6613.3788,166624.4817
941,6519.0275,62.32,165171.5794,1039.2,6581.3475,166210.7794
942,6501.4669,59.6472,164900.8528,1007.8861,6561.1142,165908.7389
943,6485.9628,55.1111,164559.0,903.5556,6541.0739,165462.5556
944,6443.7931,49.6778,163937.1678,765.2494,6493.4708,164702.4172
945,6453.9256,44.7833,163990.2181,636.015,6498.7089,164626.2331
946,6462.0727,57.0703,164038.6411,782.5717,6519.1429,164821.2128
947,6564.0111,44.3592,165736.2528,580.3572,6608.3703,166316.61
948,6582.8708,39.595,165805.1983,515.5044,6622.4658,166320.7028
949,6581.9833,40.0,165898.6358,520.0,6621.9833,166418.6358
950,6603.6261,37.7308,166227.0342,480.9628,6641.3569,166707.9969
951,6681.4553,45.0092,167022.2803,558.4139,6726.4644,167580.6942
952,6774.0364,42.8103,167624.4681,579.1139,6816.8467,168203.5819
953,6849.9828,55.8847,168695.3722,862.9194,6905.8675,169558.2917
954,6837.4878,58.3783,168427.5711,994.7933,6895.8661,169422.3644
955,6851.5639,50.5353,168328.0211,864.1156,6902.0992,169192.1367
956,6928.9247,36.7361,169238.2803,513.5367,6965.6608,169751.8169
957,6903.2286,48.9644,168815.0667,785.5733,6952.1931,169600.64
958,6870.2489,53.0908,168248.5447,842.8333,6923.3397,169091.3781
959,6850.9592,59.7772,168097.0867,992.1261,6910.7364,169089.2128
960,6810.3792,67.7867,167957.3464,1177.0533,6878.1659,169134.3997
961,6759.2797,36.9425,167202.4636,489.3778,6796.2222,167691.8414
962,6715.9103,36.9036,166565.5775,468.8433,6752.8139,167034.4208
963,6697.2722,32.63,166316.3978,410.82,6729.9022,166727.2178
964,6664.4156,32.0,165848.4861,402.0,6696.4156,166250.4861
965,6652.5816,32.0,165698.2322,402.0,6684.5816,166100.2322
966,6634.9961,40.6956,165483.1319,612.5978,6675.6917,166095.7297
967,6635.8617,44.0,165566.4511,714.0,6679.8617,166280.4511
968,6613.3288,44.06,165364.48,714.6,6657.3888,166079.08
969,6596.665,45.9072,165080.3903,733.0722,6642.5722,165813.4625
970,6605.2156,54.2356,165199.08,868.2178,6659.4511,166067.2978
971,6677.0656,55.8644,166311.7064,873.9067,6732.93,167185.6131
972,6704.2992,43.2789,166689.0303,567.9844,6747.5781,167257.0147
973,6687.5771,45.2972,166472.9231,615.8011,6732.8743,167088.7242
974,6737.4364,40.0622,167204.0597,510.4317,6777.4986,167714.4914
975,6889.1428,38.1769,169988.4503,480.4772,6927.3197,170468.9275
976,6968.5475,43.1989,171066.5733,556.3956,7011.7464,171622.9689
977,6976.5356,39.0578,170910.0828,498.6414,7015.5933,171408.7242
978,6930.5463,47.6617,170355.7386,621.4494,6978.208,170977.1881
979,6949.3654,47.7658,170451.0467,617.4933,6997.1312,171068.54
980,7056.3769,44.2433,172168.3994,583.6383,7100.6203,172752.0378
981,7019.0147,43.2281,171512.6289,557.1928,7062.2428,172069.8217
982,6973.0283,35.3878,170872.3564,443.9472,7008.4161,171316.3036
983,6930.7356,38.5111,170195.2889,481.1556,6969.2467,170676.4444
984,6864.5767,46.5606,169639.1506,583.3389,6911.1372,170222.4894
985,6839.7228,39.0,169125.8981,494.0,6878.7228,169619.8981
986,6820.8497,39.0,168647.3061,494.0,6859.8497,169141.3061
987,6794.0797,39.0,168505.0167,494.0,6833.0797,168999.0167
988,6772.2961,39.0,168227.0861,494.0,6811.2961,168721.0861
989,6762.9406,30.5358,168089.9328,378.58,6793.4764,168468.5128
990,6753.9153,30.0,167902.0147,374.0,6783.9153,168276.0147
991,6749.1839,30.0,167843.405,374.0,6779.1839,168217.405
992,6735.0372,29.6044,167634.2847,368.4622,6764.6417,168002.7469
993,6732.7703,28.495,167498.6394,343.84,6761.2653,167842.4794
994,6754.7767,24.3111,167868.2125,294.3556,6779.0878,168162.5681
995,6851.9672,30.8114,169137.6575,387.5583,6882.7786,169525.2158
996,6892.1489,28.5008,169609.3919,357.5125,6920.6497,169966.9044
997,6855.3364,29.2683,169262.3486,367.3844,6884.6047,169629.7331
998,6881.8011,27.0753,169601.4433,334.1736,6908.8764,169935.6169
999,6886.5967,50.5819,169978.4222,792.2864,6937.1786,170770.7086
1000,6937.3853,76.9086,170515.3783,1191.5978,7014.2939,171706.9761
1001,6964.4606,99.6308,171231.3267,1733.6817,7064.0914,172965.0083
1002,6952.3297,84.1381,170880.5308,1410.3478,7036.4678,172290.8786
1003,6890.1156,61.0539,169926.3972,885.2394,6951.1694,170811.6367
1004,6872.1806,57.1367,169471.7475,858.1039,6929.3172,170329.8514
1005,6898.0475,75.1753,169857.6231,1288.0367,6973.2228,171145.6597
1006,6878.8656,66.6922,169727.53,1097.795,6945.5578,170825.325
1007,6851.3183,62.6164,168939.2103,1034.2483,6913.9347,169973.4586
1008,6789.9151,63.9644,168444.1267,1068.1822,6853.8795,169512.3089
1009,6773.5153,59.4428,168238.4025,960.6417,6832.9581,169199.0442
1010,6741.4925,55.925,167818.8272,883.79,6797.4175,168702.6172
1011,6719.6922,55.0,167616.875,863.0,6774.6922,168479.875
1012,6706.3728,55.0,167472.4419,863.0,6761.3728,168335.4419
1013,6705.4844,55.0,167379.6689,863.0,6760.4844,168242.6689
1014,6700.6467,55.0,167489.2378,863.0,6755.6467,168352.2378
1015,6684.4939,55.8869,167421.7317,871.8694,6740.3808,168293.6011
1016,6659.1031,54.335,167102.7906,841.0133,6713.4381,167943.8039
1017,6663.7844,51.3311,167165.3389,792.5244,6715.1156,167957.8633
1018,6716.3183,56.8389,168254.6025,875.3644,6773.1572,169129.9669
1019,6766.795,65.8825,169140.1011,1087.2272,6832.6775,170227.3283
1020,6736.3156,58.425,168658.1564,931.0189,6794.7406,169589.1753
1021,6704.2942,59.2511,168391.5775,953.5889,6763.5453,169345.1664
1022,6735.2033,52.2519,168612.5456,799.1672,6787.4553,169411.7128
1023,6848.6192,47.665,169631.1967,677.065,6896.2842,170308.2617
1024,6948.1131,43.0819,170685.3603,605.45,6991.195,171290.8103
1025,6924.1153,45.1686,170009.3786,637.9258,6969.2839,170647.3044
1026,6901.4139,77.825,169204.7339,1474.2789,6979.2389,170679.0128
1027,6870.9228,87.4667,168771.25,1484.9606,6958.3894,170256.2106
1028,6837.3831,68.1111,168563.7319,1040.5556,6905.4942,169604.2875
1029,6801.3844,66.0,168252.5525,992.0,6867.3844,169244.5525
1030,6800.1639,65.0214,168287.1433,982.2139,6865.1853,169269.3572
1031,6796.5919,64.8494,168372.1128,980.4944,6861.4414,169352.6072
1032,6772.7717,60.4039,168317.2558,913.0339,6833.1756,169230.2897
1033,6800.6244,26.0,169073.6089,362.0,6826.6244,169435.6089
1034,6790.5831,26.0,168898.1294,362.0,6816.5831,169260.1294
1035,6771.9931,26.0,168485.16,362.0,6797.9931,168847.16
1036,6736.3622,26.0,167839.1089,362.0,6762.3622,168201.1089
1037,6709.7981,26.0,167317.2017,362.0,6735.7981,167679.2017
1038,6687.4692,26.0,167053.5083,362.0,6713.4692,167415.5083
1039,6681.0975,26.0,166948.9861,362.0,6707.0975,167310.9861
1040,6690.6642,26.0,167052.5931,362.0,6716.6642,167414.5931
1041,6693.0006,35.0047,167136.7042,547.8633,6728.0053,167684.5675
1042,6712.5217,34.0,167386.4319,546.0,6746.5217,167932.4319
1043,6724.715,41.6761,167717.8269,693.1989,6766.3911,168411.0258
1044,6709.4544,94.6936,167737.2381,1892.8144,6804.1481,169630.0525
1045,6707.1431,87.1367,167748.9819,1737.1433,6794.2797,169486.1253
1046,6728.4689,86.9261,168071.9069,1732.3006,6815.395,169804.2075
1047,6730.6875,86.5428,168047.1969,1732.2167,6817.2303,169779.4136
1048,6787.4642,75.4939,168362.1753,1491.3594,6862.9581,169853.5347
1049,6800.0925,70.3417,168484.1097,1372.8583,6870.4342,169856.9681
1050,6802.4808,65.2872,168518.8064,1256.6061,6867.7681,169775.4125
1051,6791.7417,67.9661,168363.2083,1318.2206,6859.7078,169681.4289
1052,6804.6236,57.64,168442.4236,1080.72,6862.2636,169523.1436
1053,6777.7367,76.2067,168042.0531,1507.7533,6853.9433,169549.8064
1054,6755.3697,70.05,167848.0233,1366.15,6825.4197,169214.1733
1055,6763.9486,72.8911,167964.0494,1432.5594,6836.8397,169396.6089
1056,6499.5383,44.5411,164524.8553,769.8656,6544.0794,165294.7208
1057,6485.0214,34.8047,164234.41,526.2961,6519.8261,164760.7061
1058,6490.6506,33.4356,164316.5861,504.0178,6524.0861,164820.6039
1059,6490.0072,30.1403,164284.3128,437.6833,6520.1475,164721.9961
1060,6519.3361,30.0,164774.2817,436.0,6549.3361,165210.2817
1061,6535.8599,29.5375,164854.3522,430.45,6565.3974,165284.8022
1062,6555.316,29.0,165016.7933,424.0,6584.316,165440.7933
1063,6550.0569,26.1339,165029.2589,386.2822,6576.1908,165415.5411
1064,6551.4158,21.9208,165013.4294,331.05,6573.3367,165344.4794
1065,6541.186,24.7533,164983.9486,406.3267,6565.9393,165390.2753
1066,6564.5571,63.1233,165417.5939,1288.8367,6627.6804,166706.4306
1067,6581.6389,83.9639,165590.9764,1768.1694,6665.6028,167359.1458
1068,6614.9175,82.4989,166002.6869,1734.4744,6697.4164,167737.1614
1069,6653.9304,71.005,166442.4903,1470.115,6724.9354,167912.6053
1070,6665.9811,63.4811,166468.5278,1298.0128,6729.4622,167766.5406
1071,6617.7965,78.7222,166118.7294,1658.6111,6696.5188,167777.3406
1072,6711.9793,81.6733,166940.5428,1726.4867,6793.6526,168667.0294
1073,6743.4825,82.0,167105.1658,1734.0,6825.4825,168839.1658
1074,6756.7635,69.6767,167245.4242,1450.5633,6826.4401,168695.9875
1075,6781.4582,51.8422,167511.9894,1040.3711,6833.3004,168552.3606
1076,6797.659,44.155,167680.5686,863.565,6841.814,168544.1336
1077,6816.8726,43.0228,167893.7553,839.8067,6859.8954,168733.5619
1078,6766.1999,40.1047,167417.6236,782.1294,6806.3046,168199.7531
1079,6777.3606,31.2697,167579.0503,585.2067,6808.6303,168164.2569
1080,6295.6033,15.0,158890.2622,222.0,6310.6033,159112.2622
1081,6324.6626,13.1772,159546.6561,180.0761,6337.8399,159726.7322
1082,6335.6942,13.0,159677.5653,176.0,6348.6942,159853.5653
1083,6341.2865,13.0,159778.8783,176.0,6354.2865,159954.8783
1084,6343.3132,13.0,159810.2283,176.0,6356.3132,159986.2283
1085,6353.5878,13.0,160039.1022,176.0,6366.5878,160215.1022
1086,6363.4629,13.0,160138.8511,176.0,6376.4629,160314.8511
1087,6389.615,13.0,160462.6139,176.0,6402.615,160638.6139
1088,6403.4742,13.0,160655.5539,176.0,6416.4742,160831.5539
1089,6411.2608,13.0,160724.165,176.0,6424.2608,160900.165
1090,6483.5217,38.5911,162506.67,622.5733,6522.1128,163129.2433
1091,6613.9607,93.6222,168063.7606,1695.5964,6707.5829,169759.3569
1092,6631.6711,91.8342,168083.1889,1637.8128,6723.5053,169721.0017
1093,6564.1708,57.1136,167319.9136,911.3794,6621.2844,168231.2931
1094,6644.9825,52.8853,168543.5153,815.2919,6697.8678,169358.8072
1095,6732.931,44.2783,169586.0836,687.8472,6777.2093,170273.9308
1096,6812.3436,46.5725,170566.4708,690.815,6858.9161,171257.2858
1097,6866.8271,52.6908,171647.1397,831.0167,6919.5179,172478.1564
1098,6902.8731,65.4531,171973.0736,1168.9228,6968.3261,173141.9964
1099,6905.5618,70.6247,172101.7078,1206.2856,6976.1865,173307.9933
1100,6954.3753,62.7389,172749.9397,1046.1689,7017.1142,173796.1086
1101,6966.6567,60.0678,172844.8714,1038.6989,7026.7244,173883.5703
1102,6944.97,56.0289,172693.4894,957.6644,7000.9989,173651.1539
1103,6912.3244,55.6586,172123.6661,947.1822,6967.983,173070.8483
1104,6166.5218,25.0,160714.2386,370.0,6191.5218,161084.2386
1105,6184.0343,15.3561,160938.1683,218.3817,6199.3904,161156.55
1106,6199.3987,11.79,161227.7825,159.06,6211.1887,161386.8425
1107,6210.3542,13.5078,161429.5422,183.1089,6223.8619,161612.6511
1108,6217.8651,20.0311,161560.4831,274.4356,6237.8963,161834.9186
1109,6229.8765,21.0,161607.9742,288.0,6250.8765,161895.9742
1110,6222.1047,21.0,161564.1767,288.0,6243.1047,161852.1767
1111,6224.7692,21.0,161589.6144,288.0,6245.7692,161877.6144
1112,6213.2528,20.2044,161450.1983,276.8622,6233.4572,161727.0606
1113,6216.6903,18.5147,161421.5806,249.9639,6235.205,161671.5444
1114,6295.0385,33.3444,162550.0633,465.9289,6328.3829,163015.9922
1115,6409.0081,43.9178,164853.6028,629.195,6452.9258,165482.7978
1116,6421.5853,71.5433,165094.4756,1310.1919,6493.1286,166404.6675
1117,6445.4118,41.3106,165271.4569,661.1428,6486.7224,165932.5997
1118,6489.8359,42.9433,165846.2867,650.8831,6532.7792,166497.1697
1119,6611.3436,42.9744,167220.9453,609.0828,6654.3181,167830.0281
1120,6774.7737,36.8775,168812.2456,526.0758,6811.6512,169338.3214
1121,6858.8918,57.395,169920.5572,853.3475,6916.2868,170773.9047
1122,6855.799,64.8711,169988.3308,983.4492,6920.6701,170971.78
1123,6888.3193,77.425,170169.0778,1265.2836,6965.7443,171434.3614
1124,6999.1778,70.37,171609.2467,1186.8258,7069.5478,172796.0725
1125,7037.4701,57.9475,172300.935,1005.77,7095.4176,173306.705
1126,7003.0426,51.4278,172030.4258,892.2789,7054.4704,172922.7047
1127,6982.8408,43.1811,172172.1599,710.8447,7026.0219,172883.0047
1128,6458.4805,19.0622,161897.5231,272.0858,6477.5427,162169.6089
1129,6407.7697,17.0244,161260.9661,234.7778,6424.7941,161495.7439
1130,6390.2839,17.6333,160956.7603,247.2467,6407.9172,161204.0069
1131,6405.3125,16.5425,161169.7217,216.425,6421.855,161386.1467
1132,6395.2178,18.8206,161090.5156,239.2056,6414.0383,161329.7211
1133,6390.3571,19.4258,160997.9242,242.3875,6409.7829,161240.3117
1134,6405.98,17.4556,161254.6253,220.5556,6423.4356,161475.1808
1135,6410.3701,16.0,161361.49,206.0,6426.3701,161567.49
1136,6416.3065,16.0,161361.4786,206.0,6432.3065,161567.4786
1137,6420.0347,15.5558,161226.8344,196.4133,6435.5906,161423.2478
1138,6498.7874,17.0186,162205.9222,217.3331,6515.806,162423.2553
1139,6669.5722,20.8653,164860.2289,263.7289,6690.4375,165123.9578
1140,6775.8093,19.2786,167296.2206,229.7506,6795.0879,167525.9711
1141,6765.9393,30.0525,167311.7933,384.6544,6795.9918,167696.4478
1142,6814.636,30.245,168103.9747,386.1094,6844.881,168490.0842
1143,6885.9495,41.2767,169627.9211,550.8033,6927.2262,170178.7244
1144,7003.1022,45.0289,170760.6333,612.6833,7048.1311,171373.3167
1145,7018.0808,47.2894,170676.6197,683.7608,7065.3702,171360.3806
1146,7023.0154,42.9886,170691.8642,659.1511,7066.004,171351.0153
1147,7027.3094,51.1622,170955.6286,787.7467,7078.4717,171743.3753
1148,7049.4818,62.2761,171207.4633,954.7422,7111.7579,172162.2056
1149,7019.751,64.4322,170801.6836,1015.3111,7084.1832,171816.9947
1150,7034.4947,55.385,170998.3603,822.87,7089.8797,171821.2303
1151,7030.99,62.2347,170813.4053,949.5944,7093.2247,171762.9997
1152,6595.3308,34.2806,164055.1836,486.4811,6629.6114,164541.6647
1153,6580.3606,33.0756,163766.8817,500.3622,6613.4361,164267.2439
1154,6549.5946,29.1481,163403.05,444.7783,6578.7427,163847.8283
1155,6543.2897,32.4689,163432.5606,529.7844,6575.7586,163962.345
1156,6529.7353,29.4289,163461.7764,459.8644,6559.1642,163921.6408
1157,6533.2835,38.3,163496.4014,663.9,6571.5835,164160.3014
1158,6534.9482,38.8233,163581.9239,698.38,6573.7715,164280.3039
1159,6530.3819,32.6436,163559.1761,613.0106,6563.0256,164172.1867
1160,6536.5039,42.2922,163565.5828,837.8561,6578.7961,164403.4389
1161,6542.3258,74.8544,163720.49,1589.6522,6617.1803,165310.1422
1162,6636.2669,25.8589,165469.4614,482.3044,6662.1258,165951.7658
1163,6765.625,34.6636,167369.0097,551.8625,6800.2886,167920.8722
1164,6890.5929,48.9594,169719.83,790.8006,6939.5524,170510.6306
1165,6858.0929,45.9961,169756.7119,805.5694,6904.089,170562.2814
1166,6917.4282,25.8622,170661.0706,459.1211,6943.2904,171120.1917
1167,6937.6817,16.625,170915.7611,285.3436,6954.3067,171201.1047
1168,7095.1775,18.8267,173198.3158,323.3144,7114.0042,173521.6303
1169,7158.3028,25.2467,173490.315,416.5236,7183.5494,173906.8386
1170,7188.3732,27.0706,173864.0411,438.2422,7215.4438,174302.2833
1171,7220.2611,39.7656,174477.1836,618.5222,7260.0267,175095.7058
1172,7215.2332,40.995,174774.5894,638.6328,7256.2282,175413.2222
1173,7275.2147,47.9611,176119.8533,770.3756,7323.1758,176890.2289
1174,7321.8125,63.1819,176994.3775,1027.7069,7384.9944,178022.0844
1175,7325.6254,71.4717,177192.4183,1146.0808,7397.0971,178338.4992
1176,6717.8172,48.6786,167426.0289,791.5658,6766.4958,168217.5947
1177,6696.5792,43.7117,167534.9925,703.2983,6740.2909,168238.2908
1178,6697.4406,36.2367,167764.1692,587.0533,6733.6773,168351.2225
1179,6702.8109,23.0,167955.9572,412.0,6725.8109,168367.9572
1180,6720.983,23.0,168308.5797,412.0,6743.983,168720.5797
1181,6726.4738,19.6889,168318.1961,365.6444,6746.1626,168683.8406
1182,6719.0053,19.8478,168142.0203,367.8689,6738.853,168509.8892
1183,6701.0111,20.0131,167925.9033,306.3628,6721.0241,168232.2661
1184,6741.2888,19.9781,168089.44,297.6928,6761.2669,168387.1328
1185,6739.5482,19.0,168042.6022,284.0,6758.5482,168326.6022
1186,6783.6368,21.9378,168919.7186,321.74,6805.5746,169241.4586
1187,6872.9666,59.7244,171195.9161,1037.9728,6932.6911,172233.8889
1188,6923.4703,92.3486,171799.9811,1747.0189,7015.8189,173547.0
1189,6932.0268,45.4044,171842.8258,702.0561,6977.4313,172544.8819
1190,6951.7525,44.8422,172091.0006,555.6889,6996.5947,172646.6894
1191,6935.1812,62.6561,171595.7216,635.2694,6997.8373,172230.991
1192,7083.3948,71.6106,177178.3926,757.3794,7155.0054,177935.7721
1193,7120.9216,72.8444,178584.0511,850.2894,7193.766,179434.3406
1194,7185.5906,62.3408,179692.8517,770.765,7247.9314,180463.6167
1195,7183.3424,60.5578,179627.8572,728.4089,7243.9001,180356.2661
1196,7154.8635,60.3947,179232.8869,746.9922,7215.2582,179979.8792
1197,7179.629,59.7081,179774.0914,780.2667,7239.3371,180554.3581
1198,7194.3779,48.0542,180210.2322,624.3006,7242.4321,180834.5328
1199,7185.5815,48.4631,180152.2394,659.4725,7234.0446,180811.7119
1200,6816.4619,24.7603,174095.8206,319.3622,6841.2222,174415.1828
1201,6781.7092,32.7111,173826.4008,475.9556,6814.4203,174302.3564
1202,6803.8058,30.535,174166.4164,450.14,6834.3408,174616.5564
1203,6817.6217,29.4608,174422.7944,443.0239,6847.0825,174865.8183
1204,6825.6764,30.0,174690.7858,428.0,6855.6764,175118.7858
1205,6835.9578,29.1789,174983.5956,424.9989,6865.1367,175408.5944
1206,6847.4126,30.2364,175213.0525,440.2206,6877.649,175653.2731
1207,6849.7044,30.1228,175258.3139,449.7189,6879.8272,175708.0328
1208,6849.694,29.0,175341.7567,434.0,6878.694,175775.7567
1209,6847.5707,28.2836,175361.2903,431.1344,6875.8543,175792.4247
1210,6885.0804,28.0,176014.1119,430.0,6913.0804,176444.1119
1211,6916.0958,26.8186,176574.3642,409.61,6942.9144,176983.9742
1212,6937.3729,45.2478,176724.8836,746.0133,6982.6207,177470.8969
1213,6938.3083,35.8586,176651.2086,555.4344,6974.1669,177206.6431
1214,6967.5249,32.9289,177066.6694,510.2072,7000.4538,177576.8767
1215,6980.6796,33.16,177208.1622,560.7,7013.8396,177768.8622
1216,7082.859,32.3058,178200.9992,527.8867,7115.1649,178728.8858
1217,7085.9272,41.3214,178228.48,742.4544,7127.2486,178970.9344
1218,7073.6053,29.4733,178150.3803,520.6267,7103.0786,178671.0069
1219,7081.0789,25.3953,178344.1519,437.9394,7106.4742,178782.0914
1220,7089.3783,34.3578,178551.2386,625.3756,7123.7361,179176.6142
1221,7097.8256,27.3964,178652.4317,458.0711,7125.2219,179110.5028
1222,7107.7632,43.9486,178859.9986,747.8567,7151.7118,179607.8553
1223,7105.36,60.3067,178810.0458,942.1594,7165.6667,179752.2053
1224,6790.7236,40.66,173744.9986,630.9,6831.3836,174375.8986
1225,6774.85,53.0969,173891.7189,786.91,6827.9469,174678.6289
1226,6769.9485,42.6775,173985.3192,614.8117,6812.626,174600.1308
1227,6784.7308,36.2175,174471.6956,491.3678,6820.9483,174963.0633
1228,6784.2217,31.5908,174599.4764,419.09,6815.8125,175018.5664
1229,6780.7282,32.7567,174439.6508,430.5933,6813.4849,174870.2442
1230,6777.846,32.4936,174461.4989,421.9233,6810.3396,174883.4222
1231,6757.6322,32.0522,174376.9164,413.4956,6789.6844,174790.4119
1232,6773.2421,30.3592,174673.3161,388.31,6803.6013,175061.6261
1233,6787.8113,33.38,174989.5542,434.7756,6821.1913,175424.3297
1234,6820.7161,40.2192,175354.0942,517.5522,6860.9353,175871.6464
1235,6830.5954,37.9411,175576.4308,487.2933,6868.5365,176063.7242
1236,6862.7557,32.8433,175990.6317,427.8433,6895.599,176418.475
1237,6895.7569,43.3575,176417.5336,630.2833,6939.1144,177047.8169
1238,6905.399,41.0786,176478.8189,635.49,6946.4776,177114.3089
1239,6899.2481,32.1333,176548.9967,598.1211,6931.3814,177147.1178
1240,7016.4269,28.1133,177711.8194,549.4222,7044.5403,178261.2417
1241,7027.0563,28.0,178005.3617,548.0,7055.0563,178553.3617
1242,7011.5163,28.0,177960.0772,548.0,7039.5163,178508.0772
1243,6990.8761,28.0,177699.2233,548.0,7018.8761,178247.2233
1244,7014.0651,40.3922,177997.7883,655.9333,7054.4574,178653.7217
1245,7023.7628,36.9489,177977.6956,655.3867,7060.7117,178633.0822
1246,7018.2293,34.3161,177886.1206,631.22,7052.5454,178517.3406
1247,7025.2421,31.0708,178002.7483,590.9733,7056.313,178593.7217
1248,6629.0138,20.6844,172544.5322,379.5822,6649.6982,172924.1144
1249,6592.9203,14.4478,172010.3472,243.8089,6607.3681,172254.1561
1250,6589.3103,11.0,172039.4167,172.0,6600.3103,172211.4167
1251,6587.9539,11.0,172123.3456,172.0,6598.9539,172295.3456
1252,6597.9433,11.0,172424.1442,172.0,6608.9433,172596.1442
1253,6641.9543,11.72,173042.7772,188.56,6653.6743,173231.3372
1254,6629.2358,19.0,172723.1917,356.0,6648.2358,173079.1917
1255,6609.496,19.0,172468.7561,356.0,6628.496,172824.7561
1256,6619.2699,20.44,172677.6417,376.16,6639.7099,173053.8017
1257,6616.3507,19.5822,172413.7819,323.1911,6635.9329,172736.9731
1258,6695.7121,29.2072,173144.0204,564.0472,6724.9193,173708.0676
1259,6775.8625,61.2167,174282.2486,1221.41,6837.0792,175503.6586
1260,6798.9918,63.8614,174750.6747,1273.1794,6862.8532,176023.8542
1261,6781.0288,54.4803,174298.1686,1068.7239,6835.509,175366.8925
1262,6842.3501,53.7519,175357.6384,1044.8869,6896.1021,176402.5254
1263,6931.6289,65.3747,176769.4298,1291.1181,6997.0036,178060.5478
1264,7089.7024,61.1989,178554.8768,1122.2383,7150.9013,179677.1152
1265,7178.6468,100.2139,179956.1892,1395.7544,7278.8607,181351.9436
1266,7194.111,108.3733,180763.4325,1349.4844,7302.4844,182112.9169
1267,7170.0699,133.6583,180461.5939,1827.1533,7303.7282,182288.7472
1268,7183.7752,124.4808,180448.3828,1572.2706,7308.256,182020.6533
1269,7197.9402,115.1367,180937.5414,1425.5283,7313.0769,182363.0697
1270,7226.75,100.1835,181676.3117,1303.9878,7326.9335,182980.2994
1271,7245.2492,88.0561,181878.5431,1251.5867,7333.3053,183130.1297
1272,6783.0689,51.4707,174553.9881,693.7967,6834.5396,175247.7847
1273,6738.1174,43.7038,173989.3583,555.4161,6781.8212,174544.7744
1274,6720.8242,36.5,174073.4619,420.0,6757.3242,174493.4619
1275,6731.9188,36.2206,174304.8856,413.2933,6768.1394,174718.1789
1276,6737.1727,35.5889,174425.4244,398.1333,6772.7616,174823.5578
1277,6749.1914,34.7433,174572.3728,382.9733,6783.9348,174955.3461
1278,6766.4283,34.0,174826.0089,380.0,6800.4283,175206.0089
1279,6768.1769,26.9022,174833.3794,283.1644,6795.0791,175116.5439
1280,6748.9815,25.0,174735.8533,260.0,6773.9815,174995.8533
1281,6756.9009,25.1293,174899.2922,261.92,6782.0303,175161.2122
1282,6834.1386,53.5751,176191.21,723.0172,6887.7138,176914.2272
1283,6918.2087,66.7689,177522.0675,985.9256,6984.9776,178507.9931
1284,7003.041,78.1031,179073.1956,1140.4428,7081.144,180213.6383
1285,7015.0672,77.7826,178960.5311,1127.6717,7092.8498,180088.2028
1286,7078.4736,73.9378,179546.1883,999.3339,7152.4114,180545.5222
1287,7085.2083,79.0697,179953.27,1041.1372,7164.278,180994.4072
1288,7196.3266,75.0778,181220.0228,1016.7661,7271.4044,182236.7889
1289,7198.6519,70.5294,181004.1333,950.2122,7269.1814,181954.3456
1290,7213.1488,73.2789,181224.4611,953.9711,7286.4277,182178.4322
1291,7226.3086,80.1556,181575.7761,1078.2714,7306.4642,182654.0475
1292,7277.4686,76.6206,182317.6092,1089.5378,7354.0892,183407.1469
1293,7257.206,77.9561,182188.6519,1151.3256,7335.1621,183339.9775
1294,7221.6356,78.6331,181696.0172,1222.8922,7300.2687,182918.9094
1295,7204.7371,76.2139,181584.3189,1276.945,7280.9509,182861.2639
1296,6645.5702,49.8375,173023.5586,909.21,6695.4077,173932.7686
1297,6637.8223,71.9692,173283.9553,1455.2928,6709.7915,174739.2481
1298,6615.3637,31.9714,173078.1881,598.8194,6647.3351,173677.0075
1299,6581.6683,25.0,172406.9381,442.0,6606.6683,172848.9381
1300,6587.2616,25.0,172513.4261,442.0,6612.2616,172955.4261
1301,6597.7804,25.0,172690.6497,442.0,6622.7804,173132.6497
1302,6611.2491,25.0,172859.565,442.0,6636.2491,173301.565
1303,6612.2813,25.865,172882.0989,454.11,6638.1463,173336.2089
1304,6610.6648,30.5667,172961.3522,519.9333,6641.2315,173481.2856
1305,6611.9675,31.6778,173219.5956,535.4889,6643.6453,173755.0844
1306,6662.5504,51.1081,173939.4483,804.5689,6713.6585,174744.0172
1307,6767.719,56.3794,175509.9883,856.4917,6824.0984,176366.48
1308,6820.3788,45.7467,176145.6211,687.0522,6866.1254,176832.6733
1309,6836.9438,34.5258,176107.0114,535.7856,6871.4696,176642.7969
1310,6893.307,34.3433,176857.5803,538.1667,6927.6503,177395.7469
1311,6996.4387,40.8608,178509.2933,623.0092,7037.2996,179132.3025
1312,7108.2563,63.7344,180083.3934,939.155,7171.9907,181022.5484
1313,7163.6037,69.7086,181041.7731,1023.3528,7233.3123,182065.1258
1314,7173.9959,64.3761,181371.6681,952.9561,7238.372,182324.6242
1315,7161.6097,69.0917,181575.2406,1016.4447,7230.7014,182591.6853
1316,7173.8512,56.1297,182037.3509,841.8461,7229.9809,182879.197
1317,7146.6671,59.1183,181654.8203,885.58,7205.7854,182540.4003
1318,7123.3766,59.2372,181243.9512,883.8467,7182.6138,182127.7979
1319,7109.0126,61.6403,181013.1117,924.0239,7170.6529,181937.1356
1320,6796.2155,45.6264,176421.0092,689.3603,6841.8419,177110.3694
1321,6744.2436,41.0297,175948.0406,599.7033,6785.2734,176547.7439
1322,6701.9398,38.8864,175335.9494,584.6367,6740.8261,175920.5861
1323,6698.5651,38.8264,175402.3583,583.7178,6737.3915,175986.0761
1324,6691.0875,37.5081,175364.8956,564.0967,6728.5956,175928.9922
1325,6696.9206,39.3658,175374.2417,586.39,6736.2864,175960.6317
1326,6702.5331,36.1203,175461.8883,547.2656,6738.6534,176009.1539
1327,6705.4649,28.8458,175489.9417,456.15,6734.3107,175946.0917
1328,6701.5083,34.0308,175515.5422,518.37,6735.5392,176033.9122
1329,6690.6938,39.0303,175374.3636,580.1756,6729.7241,175954.5392
1330,6791.7025,50.8806,176769.5894,760.3044,6842.583,177529.8939
1331,6972.5112,58.6853,179514.8822,860.8189,7031.1965,180375.7011
1332,7049.1076,63.2772,180468.6139,934.62,7112.3849,181403.2339
1333,7068.156,63.1131,180765.855,922.0878,7131.2691,181687.9428
1334,7111.5295,63.7947,181557.5511,922.5764,7175.3242,182480.1275
1335,7192.654,62.2983,182976.6925,920.7928,7254.9523,183897.4853
1336,7273.6245,51.2575,183867.0858,773.3689,7324.882,184640.4547
1337,7327.4541,46.1353,184968.5008,701.2244,7373.5894,185669.7253
1338,7294.5645,38.6883,184841.0661,593.3228,7333.2528,185434.3889
1339,7314.5164,48.7703,185273.2264,718.8728,7363.2867,185992.0992
1340,7343.0801,45.1631,185414.9925,672.4411,7388.2432,186087.4336
1341,7309.7289,52.0194,184747.0039,772.1267,7361.7484,185519.1306
1342,7266.3477,44.8433,184080.2883,661.7467,7311.191,184742.035
1343,7249.3433,40.6481,183940.1853,594.7867,7289.9913,184534.9719
1344,6790.9741,29.3092,177276.1794,400.4733,6820.2833,177676.6528
1345,6779.6236,36.3575,177401.6397,639.15,6815.9811,178040.7897
1346,6775.9063,44.7344,177306.1744,885.1122,6820.6407,178191.2867
1347,6812.6353,24.9339,177778.1561,436.4794,6837.5691,178214.6356
1348,6802.1019,31.7467,177604.6539,593.1733,6833.8486,178197.8272
1349,6802.4641,33.0,177564.0472,622.0,6835.4641,178186.0472
1350,6787.2172,33.0,177526.0339,622.0,6820.2172,178148.0339
1351,6772.6534,33.0,177333.1422,622.0,6805.6534,177955.1422
1352,6783.9535,33.3389,177483.2028,625.3889,6817.2924,178108.5917
1353,6777.8295,37.2128,177434.6994,594.2172,6815.0423,178028.9167
1354,6866.2706,26.2267,178959.645,417.6386,6892.4973,179377.2836
1355,6954.6438,29.2436,180317.4844,431.3789,6983.8874,180748.8633
1356,6990.2383,37.2297,180792.75,608.4761,7027.468,181401.2261
1357,7009.062,38.0672,181126.0194,624.6244,7047.1293,181750.6439
1358,7023.5761,33.9475,181400.8333,559.0222,7057.5236,181959.8556
1359,7066.6122,35.1833,182197.45,609.7933,7101.7955,182807.2433
1360,7150.8797,40.5994,183145.0789,723.1989,7191.4791,183868.2778
1361,7230.589,34.3086,184781.5588,581.9794,7264.8976,185363.5383
1362,7246.0324,34.1156,185147.5936,557.6178,7280.1479,185705.2114
1363,7252.9934,33.6667,185155.9192,564.6867,7286.6601,185720.6058
1364,7256.3344,35.0,185112.9528,582.0,7291.3344,185694.9528
1365,7285.7657,35.0,185446.6149,582.0,7320.7657,186028.6149
1366,7273.2481,35.0,185061.0669,582.0,7308.2481,185643.0669
1367,7244.3007,34.8686,184700.5305,580.4167,7279.1693,185280.9472
1368,6871.0135,24.2919,179124.9469,429.5033,6895.3054,179554.4503
1369,6834.9971,24.8433,178462.3047,437.8067,6859.8404,178900.1114
1370,6806.8477,24.0,178164.5761,426.0,6830.8477,178590.5761
1371,6802.2908,24.0,178237.7661,426.0,6826.2908,178663.7661
1372,6791.9657,24.0367,178135.4139,426.5867,6816.0024,178562.0006
1373,6782.5479,27.1522,178147.66,472.1311,6809.7002,178619.7911
1374,6782.6599,29.0,178193.5928,498.0,6811.6599,178691.5928
1375,6785.6949,28.8544,178248.1083,495.9622,6814.5493,178744.0706
1376,6807.8973,24.1544,178361.4439,428.4711,6832.0518,178789.915
1377,6822.6183,24.1558,178579.2756,427.5583,6846.7741,179006.8339
1378,6852.4664,24.0,179149.7606,426.0,6876.4664,179575.7606
1379,6874.0084,24.0,179562.215,426.0,6898.0084,179988.215
1380,6882.871,24.0,179736.3306,426.0,6906.871,180162.3306
1381,6873.2316,24.0,179766.1481,426.0,6897.2316,180192.1481
1382,6881.5571,24.0,179819.3792,426.0,6905.5571,180245.3792
1383,6890.7145,24.0,179942.01,426.0,6914.7145,180368.01
1384,6953.845,24.0,180473.9128,426.0,6977.845,180899.9128
1385,7008.4646,24.0,181140.3864,426.0,7032.4646,181566.3864
1386,7016.9236,24.0,181235.7789,426.0,7040.9236,181661.7789
1387,7024.9465,24.0,181392.2753,426.0,7048.9465,181818.2753
1388,7024.5423,23.3078,181430.9619,420.4622,7047.8501,181851.4242
1389,7057.438,23.0,181990.6675,418.0,7080.438,182408.6675
1390,7059.646,23.0,181892.1317,418.0,7082.646,182310.1317
1391,7080.3107,24.8086,182173.6577,441.7711,7105.1193,182615.4288
1392,6812.3378,29.1233,177644.0878,503.48,6841.4611,178147.5678
1393,6794.5926,36.4425,177605.8369,585.91,6831.0351,178191.7469
1394,6769.2117,41.5628,177318.8442,644.7533,6810.7744,177963.5975
1395,6745.2084,35.8564,177149.2294,576.2767,6781.0648,177725.5061
1396,6733.0666,24.6439,177064.23,441.7267,6757.7104,177505.9567
1397,6728.2636,19.3353,176933.9781,378.0233,6747.5989,177312.0014
1398,6688.9896,19.0,176389.2022,374.0,6707.9896,176763.2022
1399,6655.2249,19.4017,175935.3839,379.6233,6674.6266,176315.0072
1400,6656.2731,19.0,175932.6322,374.0,6675.2731,176306.6322
1401,6672.8543,19.0,176067.2506,374.0,6691.8543,176441.2506
1402,6803.9358,29.4361,178401.5378,499.2333,6833.3719,178900.7711
1403,6981.4309,51.8597,180713.1453,766.6322,7033.2906,181479.7775
1404,7066.3284,60.2989,181857.6883,881.4608,7126.6273,182739.1492
1405,7032.2448,59.1022,181531.9867,875.2717,7091.347,182407.2583
1406,7058.4328,84.9411,182018.3797,969.1592,7143.3739,182987.5389
1407,7086.9194,107.8297,182599.5372,1037.0572,7194.7491,183636.5944
1408,7186.363,123.3442,184216.5736,1197.5928,7309.7072,185414.1664
1409,7276.8497,116.1322,185398.1961,1022.0744,7392.9819,186420.2706
1410,7307.0987,115.5467,185694.2264,1059.1261,7422.6454,186753.3525
1411,7344.2809,104.9203,186566.5447,1094.3717,7449.2011,187660.9164
1412,7369.1853,104.3247,187019.4481,1184.7756,7473.5101,188204.2236
1413,7358.6099,95.7861,186777.2167,1092.7183,7454.3961,187869.935
1414,7310.6975,83.2161,186258.5025,956.2028,7393.9136,187214.7053
1415,7261.8796,77.2611,185909.3986,890.5583,7339.1407,186799.9569
1416,6931.5072,40.9075,181083.9594,546.8767,6972.4147,181630.8361
1417,6872.386,43.6614,180254.935,620.7156,6916.0474,180875.6506
1418,6843.9448,38.4775,179897.6303,563.73,6882.4223,180461.3603
1419,6836.3767,46.3786,179877.2525,685.5722,6882.7553,180562.8247
1420,6847.2042,50.0319,179894.5858,755.0644,6897.2361,180649.6503
1421,6869.0963,47.6236,180056.2317,733.4833,6916.7199,180789.715
1422,6877.8803,42.62,180140.2756,658.2422,6920.5003,180798.5178
1423,6875.8939,38.6839,180176.6378,582.3256,6914.5778,180758.9633
1424,6885.4044,39.8311,180409.345,599.3822,6925.2355,181008.7272
1425,6908.5882,46.0333,180802.5533,670.4289,6954.6216,181472.9822
1426,6978.5797,60.0344,181870.1119,839.2678,7038.6141,182709.3797
1427,7037.5601,67.9083,182765.8022,937.2022,7105.4684,183703.0044
1428,7080.1181,58.2403,183430.4333,824.4856,7138.3584,184254.9189
1429,7075.3719,63.3189,183302.6283,932.195,7138.6908,184234.8233
1430,7100.2076,62.2128,183484.3497,963.7078,7162.4203,184448.0575
1431,7148.9645,58.4119,184244.5439,958.8739,7207.3764,185203.4178
1432,7234.4634,69.2608,185247.7183,1120.0572,7303.7243,186367.7756
1433,7275.8829,68.2792,185897.6567,1076.5569,7344.1621,186974.2136
1434,7288.5453,70.6914,186123.8533,1113.9039,7359.2366,187237.7572
1435,7290.7915,63.7444,186212.5561,1022.9839,7354.5359,187235.54
1436,7339.4985,62.4336,186831.7847,1004.6722,7401.9321,187836.4569
1437,7329.1166,61.0,186570.4697,976.0,7390.1166,187546.4697
1438,7275.7203,74.7956,185796.2694,1136.5828,7350.5158,186932.8522
1439,7273.3176,148.2431,185527.1933,2002.5933,7421.5607,187529.7867
1440,7028.8606,69.5072,181815.7275,864.2122,7098.3679,182679.9397
1441,7005.14,62.3922,181618.9022,871.6222,7067.5323,182490.5244
1442,6985.5128,60.6669,181430.4961,845.5278,7046.1798,182276.0239
1443,6988.483,66.1003,181515.2767,900.7567,7054.5833,182416.0333
1444,6992.6051,51.5836,181534.4128,705.2144,7044.1887,182239.6272
1445,7008.1833,22.9836,181680.2622,305.8033,7031.1669,181986.0656
1446,7007.0547,18.6206,181626.8256,246.4272,7025.6753,181873.2528
1447,7010.7151,16.0294,181724.91,198.4872,7026.7446,181923.3972
1448,7016.8974,44.1378,181862.3894,532.3356,7061.0352,182394.725
1449,7016.1706,117.0758,181761.9703,1410.1367,7133.2464,183172.1069
1450,7046.233,136.2269,182095.3119,1652.355,7182.46,183747.6669
1451,7134.4076,125.2758,183281.005,1530.4856,7259.6835,184811.4906
1452,7154.194,128.48,183500.4622,1577.8244,7282.674,185078.2867
1453,7150.437,145.5722,183472.3431,1765.6589,7296.0092,185238.0019
1454,7152.3815,175.4142,183405.1194,2119.9367,7327.7957,185525.0561
1455,7219.9251,203.0058,184277.3778,2454.6922,7422.9309,186732.07
1456,7298.7414,209.6744,185214.0786,2548.0211,7508.4158,187762.0997
1457,7336.7593,196.8792,185792.5825,2404.1611,7533.6385,188196.7436
1458,7309.6169,201.0944,185304.5358,2453.405,7510.7113,187757.9408
1459,7307.8611,195.7583,185194.4906,2385.4978,7503.6194,187579.9883
1460,7348.8569,181.8261,185875.4561,2251.1156,7530.683,188126.5717
1461,7384.1106,148.3319,186767.2556,1852.3378,7532.4425,188619.5933
1462,7381.3786,147.2175,186670.0975,1838.9411,7528.5961,188509.0386
1463,7370.7574,144.8864,186494.5772,1812.545,7515.6438,188307.1222
1464,7043.2186,75.2017,181773.9453,902.42,7118.4202,182676.3653
1465,7043.055,68.6964,181745.9278,830.8344,7111.7514,182576.7622
1466,7017.8112,97.2575,181445.8722,1206.65,7115.0687,182652.5222
1467,6998.6439,89.5047,181229.9044,1140.2678,7088.1487,182370.1722
1468,6995.8134,84.8964,181266.6267,1086.7567,7080.7098,182353.3833
1469,7018.5827,83.5722,181534.4142,1070.8667,7102.1549,182605.2808
1470,7024.4703,79.1275,181642.11,991.39,7103.5978,182633.5
1471,7024.9755,85.0858,181711.4344,1039.1011,7110.0613,182750.5356
1472,7022.0992,93.0964,181714.3717,1143.3767,7115.1956,182857.7483
1473,7062.3084,93.0525,182564.7844,1135.8872,7155.3609,183700.6717
1474,7073.2561,105.9553,182710.8506,1305.9178,7179.2114,184016.7683
1475,7086.1395,101.9867,182808.8356,1272.4911,7188.1262,184081.3267
1476,7098.9784,96.1242,183112.215,1204.6728,7195.1026,184316.8878
1477,7117.0447,88.6097,183333.18,1119.3167,7205.6545,184452.4967
1478,7129.7022,77.9772,183432.5494,991.7267,7207.6794,184424.2761
1479,7141.9714,84.7386,183599.9694,1057.85,7226.71,184657.8194
1480,7177.334,84.1292,183797.5611,1049.55,7261.4631,184847.1111
1481,7193.9522,104.6947,184177.6472,1296.3367,7298.6469,185473.9839
1482,7214.9271,106.6631,184444.37,1302.5544,7321.5902,185746.9244
1483,7216.3068,120.0933,184432.0942,1456.8267,7336.4001,185888.9208
1484,7206.6944,121.8144,184312.1122,1466.0933,7328.5088,185778.2056
1485,7209.5286,117.2939,184171.7622,1407.5267,7326.8225,185579.2889
1486,7225.5515,62.4714,184496.7306,749.6567,7288.0229,185246.3872
1487,7217.4436,112.4144,184541.5706,1348.9733,7329.858,185890.5439
1488,6991.0828,72.6178,181619.3603,909.62,7063.7005,182528.9803
1489,6956.2268,74.1083,181254.4892,983.9511,7030.3352,182238.4403
1490,6943.2041,64.3314,181135.0411,947.9767,7007.5354,182083.0178
1491,6941.1885,79.6317,181115.5378,1135.1511,7020.8202,182250.6889
1492,6937.7339,87.76,181147.6506,1233.12,7025.4939,182380.7706
1493,6944.7164,98.3631,181179.935,1360.3567,7043.0795,182540.2917
1494,6943.5383,101.8658,181198.8522,1402.39,7045.4041,182601.2422
1495,6948.8375,100.0386,181314.2583,1380.4633,7048.8761,182694.7217
1496,6957.3272,104.3467,181493.4478,1432.16,7061.6738,182925.6078
1497,6955.1594,95.1169,181367.1089,1250.7367,7050.2763,182617.8456
1498,6962.3485,104.9883,181463.3386,1264.0644,7067.3368,182727.4031
1499,7017.5437,110.8953,182554.1792,1330.7433,7128.439,183884.9225
1500,7054.4935,112.7669,183262.0839,1353.2033,7167.2604,184615.2872
1501,7068.4041,112.1011,183460.9211,1345.2133,7180.5052,184806.1344
1502,7075.9757,105.2636,183496.4233,1263.1633,7181.2393,184759.5867
1503,7087.6935,96.2519,183601.5678,1155.0233,7183.9454,184756.5911
1504,7164.8219,87.0708,184239.3294,1044.85,7251.8928,185284.1794
1505,7169.7545,81.4189,184317.0328,977.0267,7251.1734,185294.0594
1506,7190.4504,73.4128,184525.2753,880.9533,7263.8632,185406.2286
1507,7165.6576,64.1497,184229.1333,769.7967,7229.8073,184998.93
1508,7171.8566,51.7267,184126.9261,620.72,7223.5833,184747.6461
1509,7180.5798,26.5736,184205.8589,318.8833,7207.1534,184524.7422
1510,7183.8811,16.1911,184525.8717,194.2933,7200.0722,184720.165
1511,7178.3826,10.5164,184724.1317,126.1967,7188.8989,184850.3283
1512,6965.715,18.8219,181565.2544,225.8633,6984.5369,181791.1178
1513,6965.2021,44.3125,181645.6572,531.75,7009.5146,182177.4072
1514,6968.286,55.9764,181530.2083,672.3322,7024.2624,182202.5406
1515,6963.968,65.5603,181482.1589,790.7233,7029.5283,182272.8822
1516,6959.1722,69.42,181569.9239,837.04,7028.5922,182406.9639
1517,6969.6447,69.7983,181674.3667,841.58,7039.443,182515.9467
1518,6973.0747,64.1322,181885.2933,773.5867,7037.2069,182658.88
1519,6970.5247,59.4894,181965.8222,719.0989,7030.0142,182684.9211
1520,6968.0729,58.4189,181918.0222,705.0267,7026.4917,182623.0489
1521,6964.3302,35.2603,181851.1567,423.8744,6999.5905,182275.0311
1522,6970.2113,19.7519,181953.6136,237.0233,6989.9632,182190.6369
1523,6987.0817,20.8969,182329.0411,250.7633,7007.9786,182579.8044
1524,6994.7315,23.2358,182507.6397,278.83,7017.9674,182786.4697
1525,7006.5199,19.4506,182676.6006,233.4067,7025.9705,182910.0072
1526,7032.866,18.8456,183133.805,219.5844,7051.7115,183353.3894
1527,7065.605,28.26,183549.5133,278.8978,7093.865,183828.4111
1528,7121.7252,33.2856,183609.8889,303.1667,7155.0107,183913.0556
1529,7129.5735,35.0267,183704.7489,329.3467,7164.6002,184034.0956
1530,7128.0337,37.4231,183871.9567,348.8144,7165.4567,184220.7711
1531,7129.8713,31.6117,184024.9189,301.9689,7161.483,184326.8878
1532,7136.4797,42.4603,184021.1939,436.99,7178.94,184458.1839
1533,7159.7978,38.2319,184261.4539,411.9167,7198.0297,184673.3706
1534,7197.3813,42.4642,184627.0356,470.8944,7239.8455,185097.93
1535,7244.1778,52.3025,185488.4722,601.3567,7296.4803,186089.8289
1536,7073.7054,56.6306,182457.1689,667.1133,7130.336,183124.2822
1537,7003.2386,55.8503,181674.7978,688.5067,7059.0889,182363.3044
1538,6911.0202,41.9478,180755.8778,563.8133,6952.968,181319.6911
1539,6921.0545,63.9744,180971.7606,1079.0344,6985.0289,182050.795
1540,6919.8287,72.5167,180991.6378,1283.64,6992.3453,182275.2778
1541,6930.8053,71.0644,181151.6417,1258.7733,7001.8697,182410.415
1542,6938.131,65.4914,181329.5428,1183.3117,7003.6224,182512.8544
1543,6938.5377,55.9708,181391.3994,1059.65,6994.5086,182451.0494
1544,6932.6678,61.5314,181291.5378,1126.3767,6994.1992,182417.9144
1545,6939.2873,70.7111,181347.7122,1234.4178,7009.9984,182582.13
1546,6993.2864,78.7606,182404.2211,1340.7444,7072.047,183744.9656
1547,7004.8395,70.7347,182698.6911,1159.4039,7075.5742,183858.095
1548,7018.0162,68.7633,182818.1089,1119.16,7086.7795,183937.2689
1549,7029.9405,63.7711,183072.7161,1059.2533,7093.7116,184131.9694
1550,7040.704,62.7964,183166.5406,1047.5567,7103.5004,184214.0972
1551,7044.6449,49.7761,183163.0994,735.0644,7094.421,183898.1639
1552,7094.9325,40.4789,183539.9878,555.8356,7135.4114,184095.8233
1553,7092.5376,38.82,183580.8572,495.84,7131.3576,184076.6972
1554,7121.1001,45.0,183895.1572,570.0,7166.1001,184465.1572
1555,7124.0513,44.4386,183882.3778,563.2633,7168.4899,184445.6411
1556,7110.6378,41.2236,183823.4644,536.7344,7151.8614,184360.1989
1557,7116.2719,45.2931,184082.1622,556.2817,7161.5649,184638.4439
1558,7107.7313,44.7444,184001.9683,548.9333,7152.4757,184550.9017
1559,7125.396,43.4583,184181.7258,533.4956,7168.8543,184715.2214
1560,6874.3926,35.7039,180359.5633,424.4467,6910.0964,180784.01
1561,6845.8489,33.9044,180089.6994,416.6489,6879.7533,180506.3483
1562,6862.8111,32.9097,180564.2367,414.9167,6895.7209,180979.1533
1563,6875.5099,38.7431,180882.6617,488.4078,6914.253,181371.0694
1564,6880.6234,40.0,181035.8594,504.0,6920.6234,181539.8594
1565,6893.7149,39.1631,181222.5178,493.9567,6932.878,181716.4744
1566,6902.6939,31.0492,181305.7294,396.59,6933.7431,181702.3194
1567,6902.1412,24.0,181275.9956,312.0,6926.1412,181587.9956
1568,6898.6509,22.5581,181176.4144,292.8739,6921.209,181469.2883
1569,6901.9154,27.4297,181221.8256,341.0756,6929.3452,181562.9011
1570,6883.6956,43.4186,180849.9017,533.0233,6927.1142,181382.925
1571,6892.1774,41.1622,180900.9028,505.9467,6933.3396,181406.8494
1572,6894.9975,36.7644,180986.5472,453.1733,6931.762,181439.7206
1573,6890.4643,32.54,181028.3222,402.48,6923.0043,181430.8022
1574,6908.4136,36.8214,181323.6917,453.8567,6945.235,181777.5483
1575,6910.5587,33.8006,181331.3522,417.8256,6944.3593,181749.1778
1576,6967.8958,33.1381,181770.2383,409.6567,7001.0339,182179.895
1577,6975.3026,33.4469,181852.6456,413.3633,7008.7495,182266.0089
1578,6993.6723,38.9958,182242.8717,479.95,7032.6682,182722.8217
1579,6995.5054,65.7011,182123.705,800.4133,7061.2065,182924.1183
1580,6999.5333,63.2769,182151.0644,771.3233,7062.8102,182922.3878
1581,7011.5229,58.0183,182360.805,708.22,7069.5412,183069.025
1582,7038.2324,59.7383,182450.2869,728.86,7097.9708,183179.1469
1583,7055.834,59.7044,182749.5958,728.4489,7115.5384,183478.0447
1584,6644.8704,49.6953,177603.9042,595.7011,6694.5657,178199.6053
1585,6642.5371,42.3767,177793.1475,512.52,6684.9138,178305.6675
1586,6641.1618,40.2322,177798.3483,486.7867,6681.394,178285.135
1587,6644.6734,44.9703,177910.2272,546.8944,6689.6436,178457.1217
1588,6634.8721,41.555,177800.2172,506.66,6676.4271,178306.8772
1589,6647.4241,32.9828,177937.7628,403.7933,6680.4068,178341.5561
1590,6644.4373,21.7375,177988.0494,264.9922,6666.1748,178253.0417
1591,6647.1332,11.5108,178030.9256,139.1517,6658.6441,178170.0772
1592,6661.197,11.0,178334.6461,132.0,6672.197,178466.6461
1593,6663.68,12.0936,178354.51,151.9344,6675.7736,178506.4444
1594,6721.5153,23.2161,179030.1756,307.2356,6744.7314,179337.4111
1595,6824.6655,32.3158,180321.5667,436.4472,6856.9813,180758.0139
1596,6873.3547,28.2706,180664.3122,383.7878,6901.6252,181048.1
1597,6891.1657,20.58,181088.6461,276.12,6911.7457,181364.7661
1598,6937.2274,21.3617,181551.0289,290.0661,6958.589,181841.095
1599,6999.3699,34.2178,182428.6367,477.0489,7033.5877,182905.6856
1600,7119.9599,46.6633,183568.9897,649.7267,7166.6232,184218.7164
1601,7161.0234,46.7458,184202.5681,642.3978,7207.7692,184844.9658
1602,7163.2893,32.3575,184292.58,432.6294,7195.6468,184725.2094
1603,7169.6211,23.495,184324.4206,308.5075,7193.1161,184632.9281
1604,7223.2239,18.365,185600.5497,237.6586,7241.5889,185838.2083
1605,7208.5068,39.1614,185721.5933,791.2244,7247.6682,186512.8178
1606,7216.2803,53.4872,185824.7144,1130.255,7269.7675,186954.9694
1607,7209.4383,17.4233,185785.5256,274.4569,7226.8616,186059.9825
1608,6724.8958,8.0,174995.7872,92.0,6732.8958,175087.7872
1609,6696.2936,8.0,173807.9689,92.0,6704.2936,173899.9689
1610,6711.8494,8.0,174156.8003,92.0,6719.8494,174248.8003
1611,6699.9881,8.0336,174133.6517,92.5378,6708.0218,174226.1894
1612,6690.6929,9.0,174133.7411,108.0,6699.6929,174241.7411
1613,6695.0571,9.0,174263.3061,108.0,6704.0571,174371.3061
1614,6706.9093,11.0911,174595.13,137.2756,6718.0004,174732.4056
1615,6704.0094,9.0,174733.6744,108.0,6713.0094,174841.6744
1616,6711.3786,9.0,174935.4294,108.0,6720.3786,175043.4294
1617,6720.2934,9.0,175095.455,108.0,6729.2934,175203.455
1618,6812.7156,16.1811,176474.9279,215.4144,6828.8967,176690.3423
1619,6913.8649,37.0247,178332.0739,503.6861,6950.8896,178835.76
1620,6991.5961,31.0389,180064.5614,402.5444,7022.635,180467.1058
1621,6992.7446,13.4967,180116.1833,156.9533,7006.2413,180273.1367
1622,7034.6237,14.2581,181120.1208,174.2389,7048.8818,181294.3597
1623,7109.1393,34.45,183062.4478,466.2133,7143.5893,183528.6611
1624,7172.7218,23.7058,183965.1031,313.9333,7196.4276,184279.0364
1625,7263.4594,21.2922,185403.2239,279.9778,7284.7517,185683.2017
1626,7254.9639,19.1103,185184.1647,247.5439,7274.0742,185431.7086
1627,7272.5871,21.3919,185488.5431,291.8933,7293.979,185780.4364
1628,7307.1436,31.9408,185713.5639,438.1886,7339.0844,186151.7525
1629,7243.8699,61.2044,185461.0678,793.2306,7305.0743,186254.2983
1630,7235.0896,59.92,185511.4944,779.2761,7295.0096,186290.7706
1631,7227.8294,62.7136,185523.9775,822.3283,7290.543,186346.3058
1632,6886.1553,26.2267,178918.1975,362.8344,6912.3819,179281.0319
1633,6860.0231,26.8117,178538.0389,367.3633,6886.8347,178905.4022
1634,6808.6811,21.3622,177991.2656,291.0711,6830.0433,178282.3367
1635,6793.9974,20.4908,177842.04,281.8314,6814.4882,178123.8714
1636,6784.5686,22.9375,177858.2017,319.0625,6807.5061,178177.2642
1637,6774.4283,23.3894,177935.52,325.8417,6797.8178,178261.3617
1638,6768.0835,23.6944,177914.5983,330.4025,6791.7779,178245.0008
1639,6766.3582,24.6094,177930.7906,344.1417,6790.9676,178274.9322
1640,6745.8228,24.0,177596.6272,335.0,6769.8228,177931.6272
1641,6747.5406,24.3017,177665.3244,339.8267,6771.8422,178005.1511
1642,6838.1682,27.8442,178893.2939,391.6367,6866.0124,179284.9306
1643,6926.8039,24.6164,179900.4806,346.6897,6951.4203,180247.1703
1644,6966.5037,20.2522,180649.6844,279.3592,6986.756,180929.0436
1645,6999.0972,17.1472,180948.0394,233.4983,7016.2444,181181.5378
1646,7038.875,18.6142,181387.9067,252.5178,7057.4892,181640.4244
1647,7131.326,43.7553,183685.7167,563.5883,7175.0812,184249.305
1648,7204.8526,47.6392,184471.6356,620.0733,7252.4917,185091.7089
1649,7254.751,53.9889,185118.56,712.8089,7308.7399,185831.3689
1650,7312.9069,69.1294,186175.0236,1013.1894,7382.0363,187188.2131
1651,7318.2633,47.4225,186763.7997,620.5889,7365.6858,187384.3886
1652,7351.0796,42.3378,188059.3742,544.4711,7393.4174,188603.8453
1653,7358.1619,53.1403,188296.9483,682.4244,7411.3022,188979.3728
1654,7383.2456,54.2681,188750.8642,692.7006,7437.5136,189443.5647
1655,7315.6943,60.1483,187826.23,777.8906,7375.8426,188604.1206
1656,6781.2393,38.0967,172415.1322,529.3533,6819.3359,172944.4856
1657,6703.6526,39.9656,171532.1625,587.3933,6743.6182,172119.5558
1658,6676.5506,33.9978,171287.3839,490.3289,6710.5483,171777.7128
1659,6694.4708,30.5889,171434.1406,443.9467,6725.0597,171878.0872
1660,6700.3256,27.0,171525.8867,394.0,6727.3256,171919.8867
1661,6715.9536,27.0,171736.3675,394.0,6742.9536,172130.3675
1662,6719.0931,33.7833,171975.0044,557.17,6752.8764,172532.1744
1663,6718.2064,20.4767,171992.0933,302.5978,6738.6831,172294.6911
1664,6724.16,20.8856,172007.1556,305.2833,6745.0456,172312.4389
1665,6728.8778,21.3969,172057.4289,312.5572,6750.2747,172369.9861
1666,6839.6142,41.0519,175987.5797,555.5433,6880.6661,176543.1231
1667,6971.9285,42.7703,180034.3897,572.0156,7014.6988,180606.4053
1668,6990.0438,39.13,180499.2514,520.745,7029.1738,181019.9964
1669,6964.1249,37.4478,180268.9358,500.0061,7001.5726,180768.9419
1670,6984.7878,40.4811,180878.9386,498.3478,7025.2689,181377.2864
1671,7109.3438,36.26,184782.5967,481.3644,7145.6038,185263.9611
1672,7264.5388,42.5575,189700.85,654.0811,7307.0963,190354.9311
1673,7308.8779,54.6356,191291.1994,926.2378,7363.5135,192217.4372
1674,7314.9366,65.0831,191128.3503,1116.8414,7380.0197,192245.1917
1675,7306.0706,60.0528,191120.3225,979.3228,7366.1233,192099.6453
1676,7331.0172,52.4542,191535.3728,859.9567,7383.4714,192395.3294
1677,7335.1461,42.8431,191512.6706,663.8028,7377.9892,192176.4733
1678,7322.084,48.5553,191417.7314,748.15,7370.6393,192165.8814
1679,7321.4504,49.3411,191871.9544,757.3772,7370.7915,192629.3317
1680,6677.7435,34.0,170070.6064,548.0,6711.7435,170618.6064
1681,6660.0264,30.7122,169990.0256,481.1511,6690.7386,170471.1767
1682,6647.9954,20.1756,169929.5367,282.4578,6668.171,170211.9944
1683,6656.6344,18.0,169992.7533,252.0,6674.6344,170244.7533
1684,6645.5117,18.6772,169959.5089,262.8356,6664.1889,170222.3444
1685,6653.5786,19.0,170145.4433,268.0,6672.5786,170413.4433
1686,6652.0637,19.0,170165.0283,268.0,6671.0637,170433.0283
1687,6656.1396,18.9481,169921.4706,267.1689,6675.0876,170188.6394
1688,6654.6854,19.0,169925.3572,268.0,6673.6854,170193.3572
1689,6664.8161,19.3114,170118.1489,272.3594,6684.1275,170390.5083
1690,6707.4625,21.16,170896.4106,296.8711,6728.6225,171193.2817
1691,6809.3914,30.0011,172792.3597,415.3333,6839.3925,173207.6931
1692,6918.3086,35.6,177224.4425,491.4,6953.9086,177715.8425
1693,6954.7465,42.3533,178975.4197,590.5733,6997.0999,179565.9931
1694,7023.0244,36.3347,180426.1739,513.9828,7059.3592,180940.1567
1695,7085.7672,33.7744,181522.7178,485.8108,7119.5416,182008.5286
1696,7171.2251,47.7119,183378.7019,683.4392,7218.937,184062.1411
1697,7184.3442,43.285,183709.9339,620.99,7227.6292,184330.9239
1698,7237.7017,37.6625,185212.8258,542.3642,7275.3642,185755.1899
1699,7249.1253,34.9525,185466.9158,506.9119,7284.0778,185973.8278
1700,7247.5817,30.1494,185416.3572,439.2572,7277.7311,185855.6144
1701,7249.6183,23.1711,185535.9989,341.3956,7272.7894,185877.3944
1702,7306.8211,21.0,186284.2361,311.0,7327.8211,186595.2361
1703,7276.3792,21.1853,185799.6383,313.7792,7297.5644,186113.4175
1704,6954.2083,20.8475,178879.7878,307.1969,6975.0558,179186.9847
1705,6912.7042,21.3556,178458.0936,312.3333,6934.0597,178770.4269
1706,6875.2042,21.0,177842.0189,307.0,6896.2042,178149.0189
1707,6867.1258,21.0,177822.2261,307.0,6888.1258,178129.2261
1708,6850.3071,21.0,177791.2961,307.0,6871.3071,178098.2961
1709,6854.3744,21.0,177927.1378,307.0,6875.3744,178234.1378
1710,6851.2815,19.3278,177967.5956,283.5889,6870.6093,178251.1844
1711,6860.4331,17.0,178092.2534,251.0,6877.4331,178343.2534
1712,6852.9883,17.0,178042.9294,251.0,6869.9883,178293.9294
1713,6864.0535,17.3178,178202.8461,255.4489,6881.3712,178458.295
1714,6898.3897,21.0,178566.2797,307.0,6919.3897,178873.2797
1715,7031.1306,19.5886,182284.1958,281.3094,7050.7192,182565.5053
1716,7054.8612,11.5511,184084.1969,158.7156,7066.4123,184242.9125
1717,7048.5118,9.0808,184029.6931,124.2125,7057.5926,184153.9056
1718,7103.0782,10.2283,184815.6639,137.17,7113.3065,184952.8339
1719,7120.1661,19.9403,185371.6158,288.6467,7140.1064,185660.2625
1720,7217.7158,54.5028,186728.2497,963.3739,7272.2186,187691.6236
1721,7217.8417,59.9572,186577.0428,1087.1544,7277.7989,187664.1972
1722,7164.1022,60.6983,185596.0353,1093.7378,7224.8006,186689.7731
1723,7177.0763,62.3833,185823.9822,1029.92,7239.4596,186853.9022
1724,7169.2678,68.9222,185623.8322,1057.54,7238.19,186681.3722
1725,7164.2342,76.6542,185753.7761,1156.9956,7240.8883,186910.7717
1726,7170.0919,77.8503,185763.4656,1174.1072,7247.9422,186937.5728
1727,7178.5167,60.5047,185805.1494,935.9606,7239.0214,186741.11
1728,6942.4578,32.4264,182415.2614,362.9261,6974.8842,182778.1875
1729,6905.841,42.5525,182184.8206,560.3464,6948.3935,182745.1669
1730,6900.5826,38.5142,182276.0717,616.85,6939.0968,182892.9217
1731,6877.0811,38.9111,182086.5089,615.5778,6915.9922,182702.0867
1732,6880.4443,39.0,182277.0019,617.0,6919.4443,182894.0019
1733,6892.5861,39.0,182542.425,617.0,6931.5861,183159.425
1734,6892.1671,38.8589,182648.3883,615.2222,6931.026,183263.6106
1735,6904.88,38.0,182620.2033,607.0,6942.88,183227.2033
1736,6909.8064,35.9936,182694.2161,563.1739,6945.8,183257.39
1737,6923.2925,42.8664,182940.5833,751.4756,6966.1589,183692.0589
1738,6953.5103,42.8764,183613.4,761.3139,6996.3867,184374.7139
1739,6956.1067,41.5608,183669.9517,735.6083,6997.6675,184405.56
1740,6967.5118,42.7814,183758.7333,747.8139,7010.2932,184506.5472
1741,6984.9354,37.2103,184098.7839,612.8533,7022.1457,184711.6372
1742,6973.3983,43.0,183871.2508,750.0,7016.3983,184621.2508
1743,6960.1769,38.8,183616.0356,637.0222,6998.9769,184253.0578
1744,6998.4667,57.1489,183898.8056,910.1311,7055.6156,184808.9367
1745,7002.8792,70.2867,183919.4819,1077.44,7073.1658,184996.9219
1746,7017.5835,70.8089,184304.86,1083.7067,7088.3924,185388.5667
1747,7034.8296,73.515,184867.9289,1136.3733,7108.3446,186004.3022
1748,7036.576,82.2344,184881.1258,1248.89,7118.8104,186130.0158
1749,7048.1946,83.7506,184968.9175,1237.0067,7131.9451,186205.9242
1750,7076.4171,86.0314,185413.6517,1264.3767,7162.4485,186678.0283
1751,7076.4889,87.6169,185527.1152,1285.8156,7164.1059,186812.9308
1752,6462.1154,52.4439,162058.4236,614.3267,6514.5593,162672.7503
1753,6426.4181,54.3564,161694.2961,631.1917,6480.7744,162325.4878
1754,6392.7611,54.6039,161383.1653,631.2467,6447.365,162014.4119
1755,6395.4242,68.105,161416.525,796.4922,6463.5292,162213.0172
1756,6390.5819,72.2572,161501.4522,847.0867,6462.8392,162348.5389
1757,6397.1664,71.4069,161642.8756,836.8833,6468.5733,162479.7589
1758,6408.9196,53.1389,161898.4672,617.4211,6462.0585,162515.8883
1759,6419.1322,34.4125,161892.4158,392.95,6453.5447,162285.3658
1760,6410.5637,34.8392,161776.0872,398.07,6445.4029,162174.1572
1761,6396.3297,48.7236,161660.1914,562.1722,6445.0533,162222.3636
1762,6444.8746,80.2744,162325.7911,1150.5983,6525.149,163476.3894
1763,6588.9867,73.4794,166686.9467,1157.4153,6662.4661,167844.3619
1764,6732.735,38.6219,172509.9789,499.6889,6771.3569,173009.6678
1765,6762.9828,21.2342,173748.2439,233.6133,6784.2169,173981.8572
1766,6800.0683,20.1578,174409.2986,231.7756,6820.2261,174641.0742
1767,6889.0078,37.5489,176553.2628,521.9817,6926.5567,177075.2444
1768,6982.4839,30.1531,178138.3292,431.5067,7012.6369,178569.8358
1769,7030.8828,33.9278,179135.4294,482.6889,7064.8106,179618.1183
1770,7057.813,58.2056,179676.5175,768.7522,7116.0186,180445.2697
1771,7099.3019,80.1064,180528.4889,1122.4431,7179.4083,181650.9319
1772,7151.0439,75.4283,181542.2961,1091.0028,7226.4722,182633.2989
1773,7202.2492,84.0344,183068.3819,1235.5569,7286.2837,184303.9389
1774,7200.3697,103.6767,184636.3319,1455.7967,7304.0464,186092.1286
1775,7175.0919,94.3953,184318.6444,1282.8253,7269.4872,185601.4697
1776,6565.7563,39.9756,173089.7342,463.8289,6605.7319,173553.5631
1777,6521.3444,39.0578,172184.9464,467.14,6560.4022,172652.0864
1778,6512.4457,55.8756,172123.9011,670.5067,6568.3213,172794.4078
1779,6526.2507,69.2417,172448.7667,830.0033,6595.4924,173278.77
1780,6515.1914,78.4547,172467.9258,937.4567,6593.6462,173405.3825
1781,6526.9225,74.8006,172910.2947,893.6067,6601.7231,173803.9014
1782,6531.9106,31.7686,173044.3694,379.5144,6563.6792,173423.8839
1783,6555.9397,21.0,173027.1333,240.0,6576.9397,173267.1333
1784,6558.5308,19.8267,172996.7811,223.5733,6578.3575,173220.3544
1785,6568.4257,26.4167,173176.0394,313.8578,6594.8424,173489.8972
1786,6606.1739,62.9314,173834.3667,769.0628,6669.1053,174603.4294
1787,6691.8146,55.1394,175260.8236,727.1422,6746.954,175987.9658
1788,6720.828,44.9494,175875.9286,704.0456,6765.7774,176579.9742
1789,6731.0149,61.6289,176191.025,920.3794,6792.6438,177111.4044
1790,6811.6747,86.4453,176921.4752,1230.3575,6898.1199,178151.8327
1791,6908.3694,91.7347,177983.0597,1296.2119,7000.1042,179279.2717
1792,7009.6707,77.2564,179772.4731,1060.9078,7086.9271,180833.3808
1793,7064.9987,64.31,180794.2678,862.7156,7129.3087,181656.9833
1794,7076.1152,59.6203,181085.5397,824.4433,7135.7355,181909.9831
1795,7080.2554,49.8931,181111.8161,695.5633,7130.1484,181807.3794
1796,7135.0371,47.7139,181469.7233,675.7281,7182.7509,182145.4514
1797,7105.6131,49.7572,180642.8094,711.9822,7155.3703,181354.7917
1798,7081.9168,39.6208,180343.6675,573.3981,7121.5376,180917.0656
1799,7069.026,69.4281,180233.3877,942.4364,7138.454,181175.8241
1800,6473.1711,44.7633,171469.7069,533.48,6517.9344,172003.1869
1801,6458.2342,33.7514,171449.4825,404.3725,6491.9856,171853.855
1802,6442.2642,26.0,171385.215,310.0,6468.2642,171695.215
1803,6432.7775,26.2686,171299.4283,313.2233,6459.0461,171612.6517
1804,6425.2582,26.0,171303.3289,310.0,6451.2582,171613.3289
1805,6436.9665,26.0,171517.1772,310.0,6462.9665,171827.1772
1806,6437.8621,26.0,171579.1111,310.0,6463.8621,171889.1111
1807,6462.3951,26.0,171827.1656,310.0,6488.3951,172137.1656
1808,6464.7025,27.6794,171915.6506,335.31,6492.3819,172250.9606
1809,6472.8867,33.4367,172187.2894,416.1133,6506.3233,172603.4028
1810,6597.8869,52.8458,174158.04,729.1911,6650.7328,174887.2311
1811,6688.7258,72.5564,175648.4047,998.5119,6761.2822,176646.9167
1812,6728.3567,80.6175,176270.3817,1124.0289,6808.9742,177394.4106
1813,6735.5133,59.1656,176544.1317,777.4417,6794.6789,177321.5733
1814,6784.5093,71.395,177281.2789,933.7983,6855.9043,178215.0772
1815,6845.8622,76.9025,178100.215,1021.9878,6922.7647,179122.2028
1816,6876.1444,90.7561,178505.0817,1147.62,6966.9006,179652.7017
1817,6965.7531,114.9961,179975.8144,1467.9322,7080.7492,181443.7467
1818,7000.47,127.2558,180624.605,1638.9361,7127.7258,182263.5411
1819,6968.3315,112.9839,180332.2947,1458.5461,7081.3154,181790.8408
1820,7038.9317,118.3931,181282.8803,1496.8556,7157.3248,182779.7358
1821,7053.7666,128.1158,181643.4089,1613.0106,7181.8824,183256.4194
1822,7052.1892,130.8864,181704.6339,1721.8461,7183.0756,183426.48
1823,7041.5795,121.8319,181761.5789,1607.3486,7163.4114,183368.9275
1824,6504.0492,69.5117,171580.8931,901.4533,6573.5608,172482.3464
1825,6498.3117,60.2969,171690.7489,783.7789,6558.6086,172474.5278
1826,6513.4336,57.3381,171827.8367,719.79,6570.7717,172547.6267
1827,6531.3057,67.5339,172004.1642,834.1889,6598.8396,172838.3531
1828,6534.0343,63.1228,172196.2022,764.1256,6597.1571,172960.3278
1829,6563.7206,61.9556,172650.4194,750.4667,6625.6761,173400.8861
1830,6580.135,61.8153,172838.8094,746.3656,6641.9503,173585.175
1831,6570.2822,55.1069,172550.9161,660.0378,6625.3892,173210.9539
1832,6559.5865,53.5586,172404.7578,641.7033,6613.1451,173046.4611
1833,6573.1111,57.8253,172611.135,692.8744,6630.9364,173304.0094
1834,6625.0131,60.2517,173408.1406,726.4378,6685.2647,174134.5783
1835,6703.8689,54.3167,174597.8553,667.3389,6758.1856,175265.1942
1836,6756.7532,52.2328,175509.5183,637.51,6808.986,176147.0283
1837,6740.9942,73.3903,175335.2861,920.9489,6814.3844,176256.235
1838,6855.4514,92.5236,177460.8786,1169.6939,6947.975,178630.5725
1839,6918.4667,112.3464,178285.9175,1444.3303,7030.8131,179730.2478
1840,7003.0439,96.3431,180149.7447,1227.64,7099.3869,181377.3847
1841,7024.6043,75.5353,181040.5181,936.2361,7100.1396,181976.7542
1842,7033.3044,96.9214,181440.2708,1270.8292,7130.2258,182711.1
1843,7109.4687,74.2392,182308.1272,958.3706,7183.7079,183266.4978
1844,7153.2207,78.6444,182761.4072,1032.3111,7231.8651,183793.7183
1845,7220.3603,67.9231,183600.7894,893.9525,7288.2833,184494.7419
1846,7235.2347,79.6217,183956.6192,1024.4164,7314.8564,184981.0356
1847,7232.9994,83.1892,184044.3703,1065.2483,7316.1886,185109.6186
1848,6681.22,30.5778,174140.5561,354.6067,6711.7978,174495.1628
1849,6627.9136,37.2586,173453.4625,447.76,6665.1722,173901.2225
1850,6625.7346,41.0,173230.8392,503.0,6666.7346,173733.8392
1851,6643.615,41.0,173384.4606,503.0,6684.615,173887.4606
1852,6639.7592,27.2003,173490.9417,310.23,6666.9594,173801.1717
1853,6650.4711,23.0,173646.9817,255.0,6673.4711,173901.9817
1854,6655.7717,23.6939,173817.1506,266.1022,6679.4656,174083.2528
1855,6676.0225,24.0,174057.01,271.0,6700.0225,174328.01
1856,6684.3114,24.0,174298.9181,271.0,6708.3114,174569.9181
1857,6725.1868,28.5044,174883.2539,334.0622,6753.6913,175217.3161
1858,6800.7964,44.0989,176637.7514,554.4886,6844.8953,177192.24
1859,6894.2976,43.9686,177993.3217,551.7467,6938.2662,178545.0683
1860,6918.0414,42.3294,178692.4589,526.2511,6960.3708,179218.71
1861,6948.5483,37.5714,179853.7433,459.0319,6986.1197,180312.7753
1862,7021.4565,35.9747,181161.4633,437.2997,7057.4312,181598.7631
1863,7144.4903,32.5853,182930.5336,380.7592,7177.0756,183311.2928
1864,7233.9808,47.0419,184177.8553,574.7197,7281.0228,184752.575
1865,7254.1356,65.9572,184412.5819,798.48,7320.0928,185211.0619
1866,7289.9123,78.5164,184753.4144,916.185,7368.4287,185669.5994
1867,7285.5019,88.5733,184735.5406,1021.8017,7374.0753,185757.3422
1868,7296.1914,85.0431,184712.385,980.9753,7381.2345,185693.3603
1869,7271.2946,74.5911,184274.2783,854.7222,7345.8857,185129.0006
1870,7300.8757,77.9008,184635.23,905.0317,7378.7765,185540.2617
1871,7297.8088,80.4122,184880.8833,943.9967,7378.2211,185824.88
1872,6657.1807,52.1639,173606.5244,599.6383,6709.3446,174206.1628
1873,6618.7385,57.0986,173275.525,661.7122,6675.8371,173937.2372
1874,6597.5092,58.6858,173042.8306,676.23,6656.195,173719.0606
1875,6626.3367,55.7542,173546.7869,641.4478,6682.0908,174188.2347
1876,6644.6282,49.1044,173772.4128,557.76,6693.7326,174330.1728
1877,6659.9576,63.3206,173912.5011,728.3611,6723.2782,174640.8622
1878,6643.6547,53.7217,173728.8461,614.66,6697.3764,174343.5061
1879,6673.4444,38.9903,173944.2475,437.7511,6712.4347,174381.9986
1880,6686.9451,40.3694,174223.5756,454.4333,6727.3146,174678.0089
1881,6697.9115,59.1336,174409.6889,690.3489,6757.0451,175100.0378
1882,6756.619,61.8664,175048.9883,726.2083,6818.4854,175775.1967
1883,6819.1221,62.0144,175911.7939,742.32,6881.1365,176654.1139
1884,6810.9811,61.7222,175049.4367,734.535,6872.7033,175783.9717
1885,6803.9071,72.5439,174744.9425,877.1178,6876.451,175622.0603
1886,6840.5221,92.6639,175606.7103,1138.9556,6933.186,176745.6658
1887,6875.0808,82.5917,176157.6628,995.3156,6957.6725,177152.9783
1888,6967.6621,81.0725,176707.1581,970.4944,7048.7346,177677.6525
1889,7021.5804,114.2356,177513.7036,1347.8311,7135.816,178861.5347
1890,7020.9224,123.0733,177492.1797,1457.9233,7143.9957,178950.1031
1891,7042.1414,111.4019,177283.8642,1309.9178,7153.5433,178593.7819
1892,7063.5618,95.2481,177555.3056,1091.3078,7158.8099,178646.6133
1893,7069.3019,82.3225,177661.1431,954.72,7151.6244,178615.8631
1894,7067.5024,69.5817,177548.4831,825.5689,7137.084,178374.0519
1895,7094.9804,69.0475,177972.0064,823.6756,7164.0279,178795.6819
1896,6730.0967,39.0181,172763.5747,488.2553,6769.1147,173251.83
1897,6695.9314,25.6172,172617.9442,317.0747,6721.5486,172935.0189
1898,6710.0792,41.4947,172879.6014,507.9367,6751.5739,173387.5381
1899,6705.6181,50.8181,173057.08,619.8167,6756.4361,173676.8967
1900,6701.8596,48.9092,172940.4228,596.91,6750.7688,173537.3328
1901,6710.6256,41.6097,172956.755,514.4456,6752.2353,173471.2006
1902,6704.9465,19.7372,173036.8694,258.14,6724.6837,173295.0094
1903,6720.6525,11.0,173353.1922,146.0,6731.6525,173499.1922
1904,6737.0162,11.0,173584.2744,146.0,6748.0162,173730.2744
1905,6767.8946,22.4031,174132.7075,307.4622,6790.2976,174440.1697
1906,6814.5503,47.5436,174704.2572,625.7089,6862.0939,175329.9661
1907,6857.2753,64.3606,175323.2525,812.7989,6921.6358,176136.0514
1908,6863.7936,65.8831,175539.51,837.9978,6929.6767,176377.5078
1909,6888.2432,48.4658,175886.2217,608.1011,6936.709,176494.3228
1910,6919.245,36.8989,176355.7906,492.7867,6956.1439,176848.5772
1911,6893.0946,20.9417,175989.7789,280.6511,6914.0362,176270.43
1912,6920.9043,20.6822,176040.8144,277.9822,6941.5865,176318.7967
1913,6927.2507,19.0,176193.6186,258.0,6946.2507,176451.6186
1914,6951.7418,19.0453,176472.5894,258.6339,6970.7871,176731.2233
1915,6969.0233,21.1,176695.1483,283.9042,6990.1233,176979.0525
1916,6983.2257,24.775,176476.5214,331.8469,7008.0007,176808.3683
1917,7010.27,22.8297,176818.3972,303.9567,7033.0997,177122.3539
1918,7016.6693,18.2,176953.4731,241.555,7034.8693,177195.0281
1919,7017.2172,11.9994,176987.5361,159.9914,7029.2167,177147.5275
1920,6630.381,11.9753,170533.1819,165.8361,6642.3563,170699.0181
1921,6574.4814,14.5222,170431.9648,216.6667,6589.0036,170648.6315
1922,6546.0247,13.0,170820.3644,171.0,6559.0247,170991.3644
1923,6535.2104,13.0,170746.4139,171.0,6548.2104,170917.4139
1924,6558.0794,13.6858,171238.6958,181.9733,6571.7653,171420.6692
1925,6564.8176,14.0,171345.6383,187.0,6578.8176,171532.6383
1926,6570.6108,12.1389,171419.0961,160.9156,6582.7497,171580.0117
1927,6568.1022,10.2056,171253.8156,133.5533,6578.3078,171387.3689
1928,6582.7975,12.26,171390.9633,160.64,6595.0575,171551.6033
1929,6606.0275,17.0,171719.9417,227.0,6623.0275,171946.9417
1930,6681.1656,31.5564,172862.6681,395.0214,6712.7219,173257.6894
1931,6784.7215,50.2436,174325.7078,621.8078,6834.9651,174947.5156
1932,6754.4347,48.1803,173670.9228,604.11,6802.615,174275.0328
1933,6768.6532,47.5864,173919.2131,598.8322,6816.2396,174518.0453
1934,6804.0524,49.0511,174504.7372,624.2461,6853.1035,175128.9833
1935,6807.8658,41.6822,174380.6828,532.8331,6849.548,174913.5158
1936,6872.2785,31.5803,175133.2911,397.2011,6903.8588,175530.4922
1937,6950.6879,28.1478,176250.6408,352.0428,6978.8357,176602.6836
1938,6989.6367,20.9236,176624.1961,261.9306,7010.5603,176886.1267
1939,6993.2436,22.0197,176590.3197,277.4928,7015.2633,176867.8125
1940,7017.549,22.4447,176830.9256,283.3794,7039.9938,177114.305
1941,7026.9692,23.5828,176842.1867,298.8986,7050.5519,177141.0853
1942,7035.7592,23.2344,177246.0828,294.2822,7058.9936,177540.365
1943,7060.275,40.0203,177725.0264,530.4078,7100.2953,178255.4342
1944,6532.5503,33.9353,169168.5436,444.6694,6566.4856,169613.2131
1945,6511.424,37.7867,168898.8872,602.7133,6549.2107,169501.6006
1946,6498.9162,34.9156,168719.0037,597.0178,6533.8318,169316.0214
1947,6510.8825,28.0,168769.8444,435.0,6538.8825,169204.8444
1948,6503.6989,28.0,168790.8686,435.0,6531.6989,169225.8686
1949,6518.8268,28.0,168970.0689,435.0,6546.8268,169405.0689
1950,6516.0158,28.0,168941.4539,435.0,6544.0158,169376.4539
1951,6520.8171,28.0,168932.0683,435.0,6548.8171,169367.0683
1952,6524.1983,25.9467,168950.0828,387.7733,6550.145,169337.8561
1953,6539.3425,20.4381,169165.2156,264.5994,6559.7806,169429.815
1954,6628.3879,31.9178,170270.4878,456.4403,6660.3057,170726.9281
1955,6736.1307,52.6967,171673.6283,756.4131,6788.8274,172430.0414
1956,6757.6615,66.4839,171864.3628,958.0411,6824.1454,172822.4039
1957,6769.6665,51.6417,172066.7439,746.6767,6821.3082,172813.4206
1958,6792.1042,56.9122,172546.3178,820.2758,6849.0164,173366.5937
1959,6868.9783,51.0914,173651.6556,732.4839,6920.0697,174384.1394
1960,6956.9197,68.7717,175007.8189,925.1167,7025.6914,175932.9356
1961,6960.9247,60.4594,175041.4761,795.3806,7021.3842,175836.8567
1962,6959.1935,65.0344,174493.2269,847.1333,7024.2279,175340.3603
1963,7019.2313,41.2589,175326.095,529.0742,7060.4902,175855.1692
1964,7073.68,55.8325,176046.0242,689.585,7129.5125,176735.6092
1965,7072.3681,56.8275,176046.8783,685.3239,7129.1956,176732.2022
1966,7069.8904,49.6453,176070.4417,590.4356,7119.5357,176660.8772
1967,7098.2413,53.2161,176586.5227,647.3456,7151.4574,177233.8683
1968,6404.2132,29.6553,154777.0967,389.9,6433.8685,155166.9967
1969,6344.9017,26.0194,153870.1225,337.8264,6370.9211,154207.9489
1970,6324.7053,30.0,153489.4739,393.0,6354.7053,153882.4739
1971,6325.1499,26.47,153607.1744,343.58,6351.6199,153950.7544
1972,6362.5849,26.0,154202.6678,337.0,6388.5849,154539.6678
1973,6367.1217,26.0,154116.4411,337.0,6393.1217,154453.4411
1974,6357.9022,26.0,153968.1644,337.0,6383.9022,154305.1644
1975,6362.1967,26.0,153950.7233,337.0,6388.1967,154287.7233
1976,6389.3331,26.0,154190.0178,337.0,6415.3331,154527.0178
1977,6406.8665,33.0017,154297.6017,443.765,6439.8682,154741.3667
1978,6460.0769,50.2558,155586.6908,646.3122,6510.3328,156233.0031
1979,6678.481,44.7333,160859.4078,566.6994,6723.2143,161426.1072
1980,6755.7256,35.2383,162610.5825,434.0761,6790.9639,163044.6586
1981,6877.7247,28.8494,165086.5825,358.7767,6906.5742,165445.3592
1982,6934.0061,43.1647,165620.1069,564.0811,6977.1708,166184.1881
1983,7100.1887,59.6389,169569.3328,786.35,7159.8276,170355.6828
1984,7143.8297,52.1222,173502.0511,664.4039,7195.9519,174166.455
1985,7161.0376,43.7017,177640.5744,542.075,7204.7393,178182.6494
1986,7170.7917,40.26,178352.3286,504.7444,7211.0517,178857.0731
1987,7172.0307,39.5161,178360.6308,537.1269,7211.5468,178897.7578
1988,7192.4702,54.9653,178594.49,728.0256,7247.4354,179322.5156
1989,7167.8322,81.3642,178402.3769,1077.0344,7249.1964,179479.4114
1990,7159.1246,86.0267,178373.7789,1125.6889,7245.1513,179499.4678
1991,7136.4687,83.9783,177999.3641,1111.1428,7220.4471,179110.5069
1992,6637.5124,32.7133,163589.4422,408.4653,6670.2257,163997.9075
1993,6609.2717,33.2217,163226.4789,419.32,6642.4933,163645.7989
1994,6559.0036,26.0631,162394.0694,319.7567,6585.0667,162713.8261
1995,6559.6649,26.0,162606.6089,319.0,6585.6649,162925.6089
1996,6564.5341,25.4342,162703.2939,311.0783,6589.9682,163014.3722
1997,6562.6519,25.0,162642.0572,305.0,6587.6519,162947.0572
1998,6571.915,25.0,162808.795,305.0,6596.915,163113.795
1999,6563.8372,35.6975,162756.8994,433.37,6599.5347,163190.2694
2000,6572.2944,45.0,162952.6678,545.0,6617.2944,163497.6678
2001,6572.5593,45.3444,162973.5403,549.8222,6617.9038,163523.3625
2002,6634.3535,63.0819,163869.7253,819.1444,6697.4354,164688.8697
2003,6766.7938,73.9547,166538.1061,1025.1867,6840.7485,167563.2928
2004,6852.995,57.5839,168715.475,777.1706,6910.5789,169492.6456
2005,6873.7192,66.9794,168989.8417,866.875,6940.6986,169856.7167
2006,6947.1561,63.3769,170605.6139,888.2339,7010.5331,171493.8478
2007,6993.67,73.7781,171262.5213,1047.37,7067.4481,172309.8913
2008,7025.3669,71.1703,172297.4061,944.6275,7096.5372,173242.0336
2009,7025.7339,53.8664,172214.5981,656.8767,7079.6003,172871.4747
2010,7025.3515,42.8125,172296.5992,531.6039,7068.164,172828.2031
2011,7029.1972,36.2394,172495.5953,460.8522,7065.4367,172956.4475
2012,7014.9003,44.3875,172262.5569,583.0544,7059.2878,172845.6114
2013,7037.4594,46.7589,172526.8094,619.6244,7084.2183,173146.4339
2014,7046.4729,47.7208,172607.9891,633.0472,7094.1938,173241.0363
2015,6997.822,49.5031,171963.1222,652.9325,7047.3251,172616.0547
2016,6578.8621,26.1739,165514.4928,291.0289,6605.036,165805.5217
2017,6568.0829,23.04,165288.4094,270.0994,6591.1229,165558.5089
2018,6586.8129,20.9814,165649.4594,241.5972,6607.7943,165891.0567
2019,6593.341,22.0,165853.5083,256.0,6615.341,166109.5083
2020,6588.0394,22.365,165806.3189,261.84,6610.4044,166068.1589
2021,6590.0566,23.0,165948.435,272.0,6613.0566,166220.435
2022,6602.948,23.0,166215.375,272.0,6625.948,166487.375
2023,6616.5982,22.1661,166399.535,260.2961,6638.7643,166659.8311
2024,6615.2342,27.0,166376.225,328.0,6642.2342,166704.225
2025,6607.7822,30.3897,166310.8093,370.4689,6638.1719,166681.2782
2026,6671.2531,68.4744,167451.6239,835.7342,6739.7275,168287.3581
2027,6783.9288,73.0533,168807.4553,902.7611,6856.9821,169710.2164
2028,6861.7941,70.6692,169778.3231,876.925,6932.4632,170655.2481
2029,6858.2567,62.5803,170070.7911,762.0356,6920.8369,170832.8267
2030,6878.1313,76.2342,170164.4195,898.1458,6954.3654,171062.5653
2031,6995.9125,61.8044,171283.4322,730.4972,7057.7169,172013.9294
2032,7033.0268,65.2722,171854.9969,806.1486,7098.299,172661.1456
2033,7086.2314,65.2964,172618.7447,805.9394,7151.5278,173424.6842
2034,7095.2857,65.9289,173186.2647,810.0467,7161.2146,173996.3114
2035,7104.5672,72.2456,173368.7942,898.4378,7176.8128,174267.2319
2036,7087.0011,72.2347,173225.3881,929.4761,7159.2358,174154.8642
2037,7090.6886,66.3964,173482.4236,866.5494,7157.085,174348.9731
2038,7092.0851,61.9406,173605.4044,804.1678,7154.0257,174409.5722
2039,7036.9079,61.0925,172806.5653,792.2981,7098.0004,173598.8633
2040,6686.5025,35.6442,167076.2103,441.0361,6722.1467,167517.2464
2041,6689.7483,33.6225,167427.7856,419.1131,6723.3708,167846.8986
2042,6745.1857,37.5867,168554.7489,473.2133,6782.7724,169027.9622
2043,6751.6444,40.0,168815.6639,507.0,6791.6444,169322.6639
2044,6755.3764,38.3211,168801.5072,483.4956,6793.6975,169285.0028
2045,6759.8108,36.0,168878.9589,451.0,6795.8108,169329.9589
2046,6755.9906,36.0,169038.8061,451.0,6791.9906,169489.8061
2047,6767.3232,33.9278,169257.0556,421.9889,6801.251,169679.0444
2048,6776.4826,32.3025,169367.9944,399.235,6808.7851,169767.2294
2049,6791.8607,34.8514,169484.2844,434.9194,6826.7121,169919.2039
2050,6805.2229,36.1356,169470.8278,455.7078,6841.3585,169926.5356
2051,6812.0192,36.1767,169645.4533,459.12,6848.1958,170104.5733
2052,6822.9589,35.0022,169895.2844,443.0311,6857.9611,170338.3156
2053,6846.4492,35.0,170333.3717,443.0,6881.4492,170776.3717
2054,6835.3396,34.8636,170315.4489,441.0906,6870.2032,170756.5394
2055,6854.9531,34.7325,170559.4136,439.255,6889.6856,170998.6686
2056,6878.6103,36.0383,170902.7233,459.6133,6914.6486,171362.3367
2057,6885.5704,50.7331,170921.7722,694.7289,6936.3035,171616.5011
2058,6917.83,59.0308,171305.4111,805.6867,6976.8608,172111.0978
2059,6967.1629,60.2208,171365.2217,832.7272,7027.3837,172197.9489
2060,6989.0128,59.5411,171765.8094,826.4311,7048.5539,172592.2406
2061,6985.9539,57.6547,171919.815,798.4406,7043.6086,172718.2556
2062,7007.4386,61.6681,172296.1728,856.6017,7069.1067,173152.7744
2063,7029.4848,62.6286,172672.1147,863.0778,7092.1134,173535.1925
2064,6758.7788,45.7644,167648.3558,602.7022,6804.5432,168251.0581
2065,6792.02,39.5975,168304.6536,512.9394,6831.6175,168817.5931
2066,6791.8897,37.0,168262.0067,476.0,6828.8897,168738.0067
2067,6789.6551,52.1275,168199.9033,718.04,6841.7826,168917.9433
2068,6787.4436,55.3933,168104.6233,770.2933,6842.8369,168874.9167
2069,6788.9769,52.4953,168053.9828,723.9244,6841.4722,168777.9072
2070,6805.7776,49.2069,168336.925,671.3111,6854.9846,169008.2361
2071,6818.8393,45.9867,168662.9989,619.7867,6864.826,169282.7856
2072,6833.514,45.8842,168980.8033,618.1467,6879.3982,169598.95
2073,6824.726,42.3178,168847.7656,561.0844,6867.0438,169408.85
2074,6829.8165,37.4431,168945.6367,483.0889,6867.2596,169428.7256
2075,6839.7193,54.1183,169209.3472,749.8933,6893.8376,169959.2406
2076,6867.6557,43.9803,169604.9767,587.6844,6911.636,170192.6611
2077,6872.1555,37.0,169788.9983,476.0,6909.1555,170264.9983
2078,6866.3735,76.1825,169737.5983,1102.92,6942.556,170840.5183
2079,6920.4337,76.4719,170993.8722,1107.5511,6996.9056,172101.4233
2080,6940.2939,73.4569,171511.1122,1059.3111,7013.7509,172570.4233
2081,6961.5088,71.9219,171919.6336,1034.7511,7033.4307,172954.3847
2082,6959.7905,70.495,171803.5189,1011.7911,7030.2855,172815.31
2083,6980.5617,66.9933,172098.1233,955.7511,7047.555,173053.8744
2084,6956.7971,62.4611,171654.8833,883.3778,7019.2583,172538.2611
2085,7035.8809,53.4175,173027.9019,738.68,7089.2984,173766.5819
2086,7060.0995,43.8447,173282.225,585.5156,7103.9442,173867.7406
2087,7037.1193,38.1878,173193.7628,495.0103,7075.3071,173688.7731
2088,6524.0922,29.2867,165865.6394,363.0133,6553.3789,166228.6528
2089,6456.4746,36.1483,165080.2197,456.3508,6492.6229,165536.5706
2090,6442.1708,34.0,164947.9278,426.0,6476.1708,165373.9278
2091,6449.8064,33.2864,164984.7864,417.5378,6483.0928,165402.3242
2092,6475.0753,31.0,165193.0628,386.0,6506.0753,165579.0628
2093,6490.7242,31.0,165356.5894,386.0,6521.7242,165742.5894
2094,6508.7224,30.9872,165666.1056,385.7956,6539.7096,166051.9011
2095,6519.7963,31.3042,165800.7092,390.2583,6551.1005,166190.9675
2096,6530.6719,31.0,165852.1728,386.0,6561.6719,166238.1728
2097,6550.9114,30.2711,166039.5089,374.3378,6581.1825,166413.8467
2098,6590.8191,33.285,166567.0522,409.5944,6624.1041,166976.6467
2099,6696.4427,39.1003,167842.5525,487.665,6735.543,168330.2175
2100,6710.4079,57.9756,168069.9239,731.49,6768.3834,168801.4139
2101,6689.6768,99.7689,167936.1139,1223.2156,6789.4457,169159.3294
2102,6725.8212,97.0217,168568.7844,1190.7256,6822.8428,169759.51
2103,6768.4488,106.9322,169348.3728,1312.8178,6875.381,170661.1906
2104,6855.0871,87.015,170690.5397,1047.3994,6942.1021,171737.9392
2105,6893.1638,80.8308,171327.7872,952.3378,6973.9946,172280.125
2106,6920.4967,78.7664,171629.9258,934.1617,6999.2631,172564.0875
2107,6952.7393,75.5442,171558.0417,918.3183,7028.2835,172476.36
2108,7071.466,67.3828,173141.855,808.6994,7138.8488,173950.5544
2109,7141.8226,64.4819,173877.7142,772.7333,7206.3046,174650.4475
2110,7121.6783,79.3728,173547.825,983.2189,7201.0511,174531.0439
2111,7114.8825,103.2878,173693.4761,1320.605,7218.1703,175014.0811
2112,6759.0827,84.7144,168404.9331,1062.0022,6843.7971,169466.9353
2113,6682.8971,45.8153,167195.8103,577.5667,6728.7124,167773.3769
2114,6663.3478,27.0789,166756.5378,327.0889,6690.4267,167083.6267
2115,6670.9549,24.6456,167052.0767,293.0378,6695.6004,167345.1144
2116,6668.7663,23.0,167111.48,270.0,6691.7663,167381.48
2117,6674.3336,23.0,167233.9678,270.0,6697.3336,167503.9678
2118,6680.1419,23.2047,167393.3883,272.8661,6703.3466,167666.2544
2119,6686.8793,20.1058,167360.0283,229.4817,6706.9851,167589.51
2120,6694.2324,19.6731,167419.1917,223.4228,6713.9054,167642.6144
2121,6698.3801,50.5931,167613.5758,594.1478,6748.9731,168207.7236
2122,6778.0951,69.1581,168650.7118,805.0456,6847.2531,169455.7574
2123,6898.7915,77.3758,170106.3264,912.3644,6976.1673,171018.6908
2124,6966.2178,62.9142,171025.6431,726.0911,7029.1319,171751.7342
2125,6962.3855,61.5319,171093.8689,712.3744,7023.9174,171806.2433
2126,6988.2129,70.6083,171363.5497,843.6617,7058.8213,172207.2114
2127,7120.8427,71.9658,173317.6022,863.7406,7192.8086,174181.3428
2128,7220.9334,62.79,174565.7461,773.705,7283.7234,175339.4511
2129,7267.9587,51.3175,175590.9922,641.06,7319.2762,176232.0522
2130,7308.4101,55.7183,177035.7611,706.985,7364.1284,177742.7461
2131,7292.7653,56.5903,176759.1572,731.5328,7349.3556,177490.69
2132,7327.9341,60.1086,177037.9142,805.1644,7388.0428,177843.0786
2133,7303.2836,56.3569,176694.0244,752.2206,7359.6406,177446.245
2134,7289.341,60.8939,176560.8625,810.7456,7350.2349,177371.6081
2135,7301.1201,58.3056,176720.3416,795.375,7359.4256,177515.7166
2136,6995.6078,51.8214,170357.8544,699.4994,7047.4292,171057.3539
2137,6942.2123,39.2719,169496.6094,498.2767,6981.4843,169994.8861
2138,6929.5329,33.1136,169361.2922,401.8178,6962.6466,169763.11
2139,6929.885,33.0,169378.3794,400.0,6962.885,169778.3794
2140,6927.7825,33.0,169429.8961,400.0,6960.7825,169829.8961
2141,6937.8842,33.7656,169527.6294,412.2489,6971.6497,169939.8783
2142,6940.1032,34.2569,169634.2106,421.1867,6974.3602,170055.3972
2143,6933.0504,32.3133,169705.6794,394.3867,6965.3637,170100.0661
2144,6936.7112,32.2686,169834.0933,399.6,6968.9798,170233.6933
2145,6953.7822,37.08,170066.9253,456.2578,6990.8622,170523.1831
2146,7008.8634,54.0222,171233.3463,693.8686,7062.8856,171927.2149
2147,7126.3343,59.1236,173035.5848,757.8133,7185.4579,173793.3982
2148,7222.4994,59.0339,174364.575,766.9422,7281.5332,175131.5172
2149,7193.7114,60.1547,173891.0889,789.2853,7253.8661,174680.3742
2150,7189.2317,73.0514,174033.6067,938.0189,7262.2831,174971.6256
2151,7236.8848,73.2172,174856.0578,966.6406,7310.102,175822.6983
2152,7254.2688,72.4469,175126.1092,964.2194,7326.7157,176090.3287
2153,7273.3338,84.28,175180.2472,1115.8383,7357.6138,176296.0856
2154,7300.3726,101.2175,175662.1406,1307.0061,7401.5901,176969.1467
2155,7276.0692,87.0172,175083.5033,1130.3111,7363.0864,176213.8144
2156,7324.5772,86.9708,175747.5569,1140.2686,7411.5481,176887.8255
2157,7360.3346,94.2669,176279.7355,1231.2003,7454.6015,177510.9358
2158,7354.7895,95.2081,176255.7883,1291.2028,7449.9975,177546.9911
2159,7341.2312,81.6217,176239.8777,1096.7017,7422.8529,177336.5794
2160,7052.8803,42.5758,171868.005,544.0617,7095.4562,172412.0667
2161,7059.6251,47.9136,171787.5381,609.8983,7107.5387,172397.4364
2162,7028.637,42.0,171266.5122,528.0,7070.637,171794.5122
2163,7027.3777,42.0,171275.1128,528.0,7069.3777,171803.1128
2164,7015.2246,42.0,171036.3667,528.0,7057.2246,171564.3667
2165,7011.6649,42.0,170955.3128,528.0,7053.6649,171483.3128
2166,7004.3716,36.2583,170989.4167,449.4072,7040.6299,171438.8239
2167,6995.52,32.0,170874.0817,396.0,7027.52,171270.0817
2168,6997.9272,32.4561,170870.7233,409.7806,7030.3833,171280.5039
2169,7001.4281,32.6442,170910.98,406.9867,7034.0723,171317.9667
2170,7081.4821,48.9064,171980.1804,669.0472,7130.3885,172649.2276
2171,7202.8637,75.8167,173736.2646,1050.6772,7278.6803,174786.9418
2172,7247.9656,87.8119,174474.0336,1215.0567,7335.7775,175689.0903
2173,7231.7368,90.2597,174245.5567,1248.4589,7321.9966,175494.0156
2174,7239.9991,84.9181,174863.8641,1156.735,7324.9171,176020.5991
2175,7302.8116,98.1675,175883.0692,1309.8539,7400.9791,177192.9231
2176,7348.067,87.7556,176492.5164,1182.6194,7435.8225,177675.1358
2177,7360.7152,88.3764,176764.3471,1228.7631,7449.0916,177993.1102
2178,7333.5181,94.4111,176414.9068,1321.5528,7427.9292,177736.4596
2179,7331.8559,73.265,176216.9212,1005.9933,7405.1209,177222.9146
2180,7362.6413,66.0569,177010.5629,894.5967,7428.6983,177905.1596
2181,7347.1074,88.1211,176698.0903,1205.6911,7435.2285,177903.7814
2182,7349.8807,77.4114,176653.1042,1055.2461,7427.2921,177708.3503
2183,7359.3466,57.9908,176846.6566,782.2083,7417.3374,177628.8649
2184,6943.8051,26.1556,171895.9711,317.1778,6969.9606,172213.1489
2185,6931.8084,32.4336,171700.2558,404.5042,6964.242,172104.76
2186,6936.4054,38.2733,171654.7572,485.8267,6974.6788,172140.5839
2187,6917.4815,39.6944,171403.23,505.7222,6957.1759,171908.9522
2188,6917.88,42.8836,171410.395,549.8344,6960.7636,171960.2294
2189,6925.1721,44.5164,171595.6017,574.2622,6969.6885,172169.8639
2190,6940.9226,45.0,171837.9283,582.0,6985.9226,172419.9283
2191,6971.0239,45.3131,172157.3678,587.0089,7016.337,172744.3767
2192,6986.2174,46.0861,172361.5706,599.2056,7032.3036,172960.7761
2193,7022.7212,46.0,172989.3433,598.0,7068.7212,173587.3433
2194,7116.3361,70.9739,174349.4536,979.3622,7187.31,175328.8158
2195,7259.2441,69.7494,175919.3521,966.44,7328.9935,176885.7921
2196,7283.5452,63.4675,176075.1175,864.2028,7347.0127,176939.3203
2197,7318.9788,64.6583,176445.8378,865.2494,7383.6371,177311.0872
2198,7396.5651,65.9231,177880.21,872.8847,7462.4881,178753.0947
2199,7373.8235,61.1308,178225.4206,805.8628,7434.9543,179031.2833
2200,7390.4421,65.9661,177996.9322,870.4956,7456.4082,178867.4278
2201,7407.2988,58.7858,178231.8322,770.5661,7466.0846,179002.3983
2202,7362.6534,68.18,177515.5703,902.7836,7430.8334,178418.3539
2203,7335.0452,63.7128,176790.4883,840.8583,7398.758,177631.3467
2204,7345.0514,31.0033,176763.2817,381.9428,7376.0548,177145.2244
2205,7357.0419,26.3267,176597.7506,316.5733,7383.3686,176914.3239
2206,7332.2947,22.3147,176213.9722,261.2894,7354.6094,176475.2617
2207,7348.9073,21.7839,176609.8922,255.1989,7370.6912,176865.0911
2208,7152.9251,21.1769,173950.095,247.4572,7174.1021,174197.5522
2209,7113.9329,23.0233,173246.1925,276.3267,7136.9563,173522.5192
2210,7110.1765,20.1864,173023.3331,234.9822,7130.3629,173258.3153
2211,7131.0522,20.0,173495.2456,232.0,7151.0522,173727.2456
2212,7102.2759,23.9331,173202.7267,285.625,7126.2089,173488.3517
2213,7103.4152,21.5817,173115.905,254.0678,7124.9969,173369.9728
2214,7116.2017,20.0,173281.5956,232.0,7136.2017,173513.5956
2215,7134.0228,20.4003,173439.4633,238.4044,7154.4231,173677.8678
2216,7141.3974,20.17,173484.4533,236.38,7161.5674,173720.8333
2217,7157.3097,19.6964,173698.3892,219.7761,7177.0061,173918.1653
2218,7156.529,19.7136,173663.0361,206.54,7176.2426,173869.5761
2219,7183.5751,28.2403,174140.0417,345.7894,7211.8154,174485.8311
2220,7226.746,42.4544,174831.0539,558.4689,7269.2004,175389.5228
2221,7225.5755,44.1264,174761.6506,585.0778,7269.7019,175346.7283
2222,7237.1483,48.0,174817.2967,640.0,7285.1483,175457.2967
2223,7257.8823,50.3006,174887.6706,674.2883,7308.1829,175561.9589
2224,7293.2566,49.5153,175090.4758,661.8275,7342.7718,175752.3033
2225,7367.9607,49.24,175952.3272,656.88,7417.2007,176609.2072
2226,7398.7899,43.5156,176192.6222,577.2178,7442.3054,176769.84
2227,7415.8682,40.2211,176164.3478,529.5378,7456.0893,176693.8856
2228,7533.5755,37.0511,178353.6458,484.9844,7570.6266,178838.6303
2229,7610.3296,36.7244,179807.735,484.1422,7647.0541,180291.8772
2230,7514.9262,34.8919,177505.1536,456.4206,7549.8182,177961.5742
2231,7656.8379,37.3319,179700.4694,491.85,7694.1699,180192.3194
2232,7420.861,27.605,175896.8178,337.4783,7448.466,176234.2961
2233,7406.4761,31.5439,175446.3636,393.3739,7438.02,175839.7375
2234,7471.5241,32.0,175820.2861,400.0,7503.5241,176220.2861
2235,7498.8859,31.1289,176022.0903,387.8044,7530.0147,176409.8947
2236,7512.9227,28.0,176144.8,344.0,7540.9227,176488.8
2237,7536.8195,27.9183,176247.2578,342.6933,7564.7378,176589.9511
2238,7562.8861,29.4222,176383.6931,363.9111,7592.3083,176747.6042
2239,7609.5052,29.56,176729.8189,365.84,7639.0652,177095.6589
2240,7634.5024,29.2133,176904.3875,360.9867,7663.7157,177265.3742
2241,7670.1127,31.0617,177192.5431,385.0383,7701.1743,177577.5814
2242,7690.8521,30.0308,177496.16,370.4317,7720.8829,177866.5917
2243,7743.8887,44.4408,178388.5389,569.8928,7788.3295,178958.4317
2244,7756.0291,32.4203,178568.2406,398.8267,7788.4494,178967.0672
2245,7806.7721,32.4642,178911.7583,402.0739,7839.2362,179313.8322
2246,7876.7994,37.6653,179822.4881,463.8322,7914.4647,180286.3203
2247,7910.8872,41.5289,180296.9731,516.1589,7952.4161,180813.1319
2248,7981.6341,42.4453,181434.3897,530.2244,8024.0794,181964.6142
2249,8034.3454,39.1347,182496.2706,485.4722,8073.4801,182981.7428
2250,8033.0105,34.5567,182699.7339,436.9067,8067.5671,183136.6406
2251,8015.9876,32.1756,182271.9081,404.4278,8048.1631,182676.3358
2252,8024.762,33.0914,182355.8964,418.1517,8057.8534,182774.0481
2253,8038.7925,36.0256,182592.4408,461.5333,8074.8181,183053.9742
2254,8066.7646,39.7322,183174.4642,516.4444,8106.4968,183690.9086
2255,8100.9081,40.9919,183630.7439,534.2722,8141.9,184165.0161
2256,7523.2979,29.2256,168542.8131,363.9489,7552.5234,168906.7619
2257,7492.1895,24.4761,168097.3886,293.4117,7516.6656,168390.8003
2258,7490.4597,28.7589,167750.6456,350.6244,7519.2186,168101.27
2259,7488.2212,30.3286,167677.2489,371.2861,7518.5498,168048.535
2260,7495.1737,29.7289,167889.3669,362.5844,7524.9026,168251.9514
2261,7496.1114,24.1378,167800.5622,253.8578,7520.2492,168054.42
2262,7495.8546,22.0,167817.0844,224.0,7517.8546,168041.0844
2263,7514.5891,22.7778,168015.4242,234.8889,7537.3669,168250.3131
2264,7521.2816,23.1033,168032.7692,239.4133,7544.3849,168272.1825
2265,7514.5777,33.3419,167918.3356,380.7794,7547.9197,168299.115
2266,7594.1096,55.1556,169519.4231,678.5889,7649.2652,170198.012
2267,7727.5557,60.3453,172255.42,758.6131,7787.9009,173014.0331
2268,7719.8406,50.0089,171992.4278,616.1244,7769.8495,172608.5522
2269,7703.6181,46.8114,171709.1094,562.0628,7750.4295,172271.1722
2270,7745.9614,61.0433,171931.7792,773.0928,7807.0048,172704.8719
2271,7890.8502,64.6608,174676.3019,839.4456,7955.511,175515.7475
2272,8001.6636,63.5589,174739.2125,824.0822,8065.2225,175563.2947
2273,8019.2224,64.1692,174595.7992,862.3433,8083.3916,175458.1425
2274,8016.9494,53.6456,174843.7928,719.0378,8070.595,175562.8306
2275,8020.0156,47.9628,174905.3928,608.0444,8067.9784,175513.4372
2276,8087.9896,41.3447,175999.0108,515.6022,8129.3343,176514.6131
2277,8032.3926,51.8083,175392.5131,674.4931,8084.2009,176067.0061
2278,8051.7651,66.3722,175874.1506,878.7089,8118.1373,176752.8594
2279,8039.0031,71.0497,175862.8733,941.8867,8110.0529,176804.7599
2280,7437.3912,31.1256,167237.6169,395.1733,7468.5168,167632.7903
2281,7389.7594,30.3661,166698.0786,412.3011,7420.1256,167110.3797
2282,7382.7696,29.9589,166584.1375,448.8986,7412.7284,167033.0361
2283,7386.0027,27.1278,166713.2156,415.7889,7413.1304,167129.0044
2284,7371.2453,29.0,166705.0222,442.0,7400.2453,167147.0222
2285,7370.7244,29.0,166745.0589,442.0,7399.7244,167187.0589
2286,7356.0619,31.8075,166579.6956,475.5789,7387.8694,167055.2744
2287,7325.6168,30.7542,166284.2944,452.0856,7356.371,166736.38
2288,7323.3827,31.3222,166101.2683,460.5111,7354.7049,166561.7794
2289,7334.1677,44.4314,166399.7803,641.7239,7378.5991,167041.5042
2290,7511.3321,62.7456,169038.7467,872.875,7574.0776,169911.6217
2291,7581.2702,79.6403,169807.9839,1103.2878,7660.9105,170911.2717
2292,7642.3453,69.2469,170349.7383,946.37,7711.5922,171296.1083
2293,7647.1845,75.7056,170423.8222,1032.9956,7722.8901,171456.8178
2294,7668.112,81.4139,171029.87,1114.9983,7749.5259,172144.8683
2295,7650.7737,75.75,171005.9733,1026.5422,7726.5237,172032.5156
2296,7684.6706,93.2114,171730.4153,1160.16,7777.882,172890.5753
2297,7699.3748,130.5728,172554.2111,1540.3158,7829.9476,174094.5269
2298,7700.4567,117.8917,172735.6558,1403.8356,7818.3484,174139.4914
2299,7714.7129,64.7408,172951.2147,870.3158,7779.4537,173821.5306
2300,7710.6925,80.1803,172994.8575,1105.8047,7790.8728,174100.6622
2301,7730.8806,68.9622,173105.3997,958.8864,7799.8428,174064.2861
2302,7742.8636,66.5856,173190.8136,934.4261,7809.4492,174125.2397
2303,7705.7462,72.8133,173085.6872,996.0264,7778.5595,174081.7136
2304,7475.4297,58.6531,169827.6256,786.8686,7534.0827,170614.4942
2305,7432.0665,51.3431,169328.3089,683.1353,7483.4096,170011.4442
2306,7397.8888,45.7353,169151.3211,603.8678,7443.6241,169755.1889
2307,7366.4879,46.9444,169019.3367,623.1333,7413.4324,169642.47
2308,7358.4074,46.4156,169204.8517,615.8178,7404.823,169820.6694
2309,7340.9597,48.4281,169166.6281,643.5389,7389.3877,169810.1669
2310,7333.8558,48.99,169292.01,652.895,7382.8458,169944.905
2311,7339.5816,44.8258,169319.1389,605.5617,7384.4075,169924.7006
2312,7335.1368,43.5736,169412.8233,588.0306,7378.7104,170000.8539
2313,7350.8723,49.8383,169815.5183,670.0231,7400.7106,170485.5414
2314,7390.8013,65.6514,171307.1047,868.3006,7456.4527,172175.4053
2315,7415.583,78.9089,172633.7647,990.9644,7494.4919,173624.7292
2316,7334.7174,90.6744,171511.9028,1144.7239,7425.3918,172656.6267
2317,7293.5884,90.2936,171413.5211,1137.7731,7383.882,172551.2942
2318,7356.5671,88.8572,172196.6383,1120.7917,7445.4244,173317.43
2319,7385.6133,86.5275,172955.6503,1092.8786,7472.1408,174048.5289
2320,7372.1589,96.4144,172682.6847,1227.4328,7468.5734,173910.1175
2321,7399.0355,105.2522,173106.7972,1374.6389,7504.2877,174481.4361
2322,7420.4667,111.0156,173384.1394,1460.3172,7531.4823,174844.4567
2323,7423.4527,105.3806,173376.2797,1384.5483,7528.8332,174760.8281
2324,7370.1549,110.4278,173003.8672,1466.1044,7480.5827,174469.9717
2325,7322.0175,92.0961,172431.9322,1214.315,7414.1136,173646.2472
2326,7308.2455,75.1581,172207.5397,967.4694,7383.4035,173175.0092
2327,7310.9777,76.1181,172211.8494,969.3981,7387.0958,173181.2475
2328,6928.8975,45.4269,167268.1519,542.9722,6974.3244,167811.1242
2329,6901.4769,36.1203,166686.2631,424.2328,6937.5972,167110.4958
2330,6879.7306,29.7389,166261.9233,344.8667,6909.4695,166606.79
2331,6891.1437,28.9931,166420.61,336.14,6920.1368,166756.75
2332,6906.9962,24.0942,166511.97,273.13,6931.0904,166785.1
2333,6905.1667,20.0,166563.9578,224.0,6925.1667,166787.9578
2334,6906.21,20.0,166555.0167,224.0,6926.21,166779.0167
2335,6922.0751,25.8858,166626.4456,305.01,6947.9609,166931.4556
2336,6936.3181,19.4436,166840.5333,214.2106,6955.7617,167054.7439
2337,6956.4748,19.2142,167230.4908,210.9983,6975.689,167441.4892
2338,7006.0565,30.2908,168108.2715,366.9444,7036.3474,168475.2159
2339,7219.5295,49.7803,169881.5797,634.6858,7269.3098,170516.2656
2340,7309.4979,48.7711,171009.0747,663.2256,7358.269,171672.3003
2341,7343.1477,48.1628,171251.95,635.8856,7391.3105,171887.8356
2342,7355.7924,39.0508,171891.4236,496.6567,7394.8432,172388.0803
2343,7304.8473,32.5278,172382.9664,407.6031,7337.3751,172790.5694
2344,7309.9649,31.9558,172841.3567,402.1239,7341.9208,173243.4806
2345,7370.5584,37.6467,173930.7076,482.1108,7408.205,174412.8184
2346,7379.0343,42.5869,174031.5161,554.0447,7421.6212,174585.5608
2347,7366.0259,54.9497,173780.0289,735.3244,7420.9756,174515.3533
2348,7398.4058,56.6006,174384.1589,765.7261,7455.0064,175149.885
2349,7433.3712,48.9694,174705.9925,658.18,7482.3407,175364.1725
2350,7425.8257,62.0681,174562.5817,834.3767,7487.8938,175396.9583
2351,7433.174,79.0225,174731.1289,1050.7203,7512.1965,175781.8492
2352,6988.3794,35.1769,168358.1711,446.9661,7023.5564,168805.1372
2353,6931.1458,38.8858,167647.6925,501.0389,6970.0317,168148.7314
2354,6928.3217,36.2458,167625.9622,465.95,6964.5675,168091.9122
2355,6935.0401,35.2319,167644.2089,453.7833,6970.272,168097.9922
2356,6941.4816,34.325,167768.7422,442.9,6975.8066,168211.6422
2357,6935.9213,33.0867,167732.4278,429.9767,6969.008,168162.4044
2358,6938.9257,29.3194,167896.6633,385.6378,6968.2451,168282.3011
2359,6963.8615,25.6153,168277.8461,335.6139,6989.4768,168613.46
2360,6962.1258,23.9031,168223.7367,314.5011,6986.0288,168538.2378
2361,6962.9682,22.6756,168236.7408,289.3911,6985.6438,168526.1319
2362,7023.2776,24.8383,169042.0349,313.0483,7048.1159,169355.0832
2363,7125.2499,35.6411,170521.8433,466.2197,7160.891,170988.0631
2364,7148.2976,56.8167,170504.7858,762.4333,7205.1143,171267.2192
2365,7148.313,42.8283,170461.5322,566.0094,7191.1414,171027.5417
2366,7178.5225,52.1078,170902.4897,697.4869,7230.6303,171599.9766
2367,7211.0527,50.8778,171554.7386,679.2339,7261.9305,172233.9725
2368,7321.6009,55.0417,173345.2531,737.5394,7376.6426,174082.7925
2369,7389.4736,57.2042,174410.4183,772.1953,7446.6778,175182.6136
2370,7396.452,68.19,174626.0178,930.58,7464.642,175556.5978
2371,7371.3178,73.0647,174134.9989,987.4278,7444.3826,175122.4267
2372,7363.3953,83.8967,174066.0333,1111.9258,7447.292,175177.9592
2373,7348.281,100.9789,173710.2467,1321.4842,7449.2599,175031.7308
2374,7339.0857,103.2403,173549.485,1351.8719,7442.3259,174901.3569
2375,7321.6175,92.1242,173305.0653,1197.5467,7413.7417,174502.6119
2376,7013.5936,49.5606,168637.6022,609.3622,7063.1542,169246.9644
2377,7003.0015,39.5444,168457.4536,487.1233,7042.5459,168944.5769
2378,7017.1663,34.0,168601.7567,421.0,7051.1663,169022.7567
2379,7028.5624,32.3939,169071.6756,397.8539,7060.9563,169469.5294
2380,7029.2712,30.5647,169145.9033,374.3522,7059.8359,169520.2556
2381,7025.8606,32.2767,169055.9289,396.32,7058.1372,169452.2489
2382,7011.1822,31.1108,168942.9564,382.5517,7042.2931,169325.5081
2383,7037.3378,31.1664,169141.0789,383.2044,7068.5042,169524.2833
2384,7058.0063,30.0,169535.4078,365.0,7088.0063,169900.4078
2385,7070.2578,37.0267,169599.5633,452.8064,7107.2844,170052.3697
2386,7081.5618,71.3794,169735.6072,868.2222,7152.9412,170603.8294
2387,7091.8281,77.8386,169848.3597,948.9561,7169.6667,170797.3158
2388,7098.5194,79.5494,169953.8644,969.5933,7178.0689,170923.4578
2389,7145.2271,81.3394,170878.0222,991.0733,7226.5665,171869.0956
2390,7192.1993,88.6081,171455.5228,1148.7183,7280.8073,172604.2411
2391,7200.378,83.1494,171601.8861,1092.7933,7283.5274,172694.6794
2392,7204.9386,73.8061,171579.4111,980.6733,7278.7447,172560.0844
2393,7212.3799,77.1986,171723.2597,1021.3833,7289.5785,172744.6431
2394,7213.0063,74.5667,171784.0667,990.5117,7287.573,172774.5783
2395,7192.427,79.5331,171487.8522,1050.3967,7271.9601,172538.2489
2396,7176.921,82.5456,171272.8469,1086.5467,7259.4666,172359.3936
2397,7165.207,85.3464,171189.2172,1120.4486,7250.5534,172309.6658
2398,7176.8828,85.8544,171268.1869,1129.8267,7262.7372,172398.0136
2399,7171.2099,82.5275,171255.8031,1037.4739,7253.7374,172293.2769
2400,6981.1942,38.9425,168631.1749,533.5789,7020.1367,169164.7538
2401,6962.345,39.1897,168350.7217,497.3278,7001.5347,168848.0495
2402,6944.473,42.7586,168042.9844,507.7389,6987.2316,168550.7233
2403,6950.9513,51.0353,168107.2061,607.3078,7001.9866,168714.5139
2404,6946.1695,58.5553,168147.0506,691.6633,7004.7248,168838.7139
2405,6932.1168,74.3972,168109.2761,881.7667,7006.514,168991.0428
2406,6935.2754,73.8225,168153.3408,874.0922,7009.0979,169027.4331
2407,6954.6874,62.0219,168260.99,733.2633,7016.7093,168994.2533
2408,6955.3971,58.1642,168241.7111,687.3378,7013.5612,168929.0489
2409,6954.6302,58.5836,168222.2633,694.0033,7013.2139,168916.2667
2410,6956.1988,75.0194,168261.6556,907.7178,7031.2183,169169.3733
2411,7017.569,82.2022,169345.2933,993.2467,7099.7712,170338.54
2412,7054.2264,81.9019,169698.9278,978.5556,7136.1283,170677.4833
2413,7080.3448,87.9794,169868.4367,1065.1356,7168.3243,170933.5722
2414,7114.8989,88.3344,170349.7194,1078.0178,7203.2333,171427.7372
2415,7138.0482,91.6683,170676.6511,1123.7367,7229.7166,171800.3878
2416,7146.1822,89.8819,170621.3406,1102.0981,7236.0641,171723.4386
2417,7160.0862,88.2781,170719.6839,1092.2244,7248.3643,171811.9083
2418,7146.5956,83.1286,170516.1467,1022.93,7229.7242,171539.0767
2419,7169.3403,81.7356,170830.5407,1005.3658,7251.0758,171835.9065
2420,7172.0304,85.2786,170816.8728,1054.3433,7257.309,171871.2161
2421,7157.854,87.54,170566.5152,1083.8289,7245.394,171650.3441
2422,7168.2977,83.8683,170656.8767,1041.42,7252.1661,171698.2967
2423,7178.8334,81.3811,170773.2206,1016.9861,7260.2145,171790.2067
2424,6994.4961,42.1917,168639.5053,501.3139,7036.6878,169140.8192
2425,6992.5139,41.1761,168546.9744,491.6733,7033.6901,169038.6478
2426,7017.9607,38.4419,168838.5942,462.0711,7056.4027,169300.6653
2427,7026.4406,38.9692,169067.705,468.6233,7065.4097,169536.3283
2428,7023.4528,38.3425,169032.555,455.4689,7061.7953,169488.0239
2429,7006.9983,48.2958,168873.0378,576.55,7055.2941,169449.5878
2430,7002.7031,53.8208,168970.355,642.8267,7056.524,169613.1817
2431,7032.7039,51.2011,169010.1622,611.4133,7083.9051,169621.5756
2432,7031.509,52.7947,168963.4478,632.1222,7084.3037,169595.57
2433,7026.9738,57.9267,168973.2944,692.12,7084.9005,169665.4144
2434,7041.8113,69.1931,169245.2725,827.2611,7111.0044,170072.5336
2435,7081.3183,71.5803,169995.6739,853.4325,7152.8986,170849.1064
2436,7133.6652,71.1506,170998.6461,853.1239,7204.8158,171851.77
2437,7207.6147,73.5225,172107.3844,890.1622,7281.1372,172997.5467
2438,7150.1921,70.5022,170971.3944,854.0267,7220.6944,171825.4211
2439,7143.1714,60.6056,170703.4322,731.65,7203.777,171435.0822
2440,7157.6083,45.6133,170795.0181,547.36,7203.2217,171342.3781
2441,7159.7037,51.2669,170928.8208,616.8256,7210.9707,171545.6464
2442,7159.9331,50.5364,170930.5294,599.6522,7210.4695,171530.1817
2443,7167.9956,55.5639,170978.3106,660.2078,7223.5594,171638.5183
2444,7163.7239,59.95,170884.1322,731.6178,7223.6739,171615.75
2445,7151.2684,75.34,170712.7086,939.56,7226.6084,171652.2686
2446,7142.5806,67.4953,170564.9967,860.1572,7210.0759,171425.1539
2447,7151.1201,74.4717,170884.4427,951.9278,7225.5918,171836.3705
2448,6922.1465,47.9978,166843.2397,594.1678,6970.1443,167437.4075
2449,6925.5498,45.5978,166869.8628,559.0408,6971.1476,167428.9036
2450,6907.9411,48.2775,166469.6572,583.33,6956.2186,167052.9872
2451,6913.6648,55.5344,166430.1289,670.4133,6969.1993,167100.5422
2452,6884.2803,56.6464,166074.6339,676.2267,6940.9267,166750.8606
2453,6847.1877,58.0,165392.6744,692.0,6905.1877,166084.6744
2454,6833.6241,49.6308,165147.99,587.3589,6883.2549,165735.3489
2455,6855.4029,43.8928,165215.4311,526.4556,6899.2957,165741.8867
2456,6850.9804,39.9128,165177.0394,483.6311,6890.8932,165660.6706
2457,6863.6454,34.73,165299.155,417.4267,6898.3754,165716.5817
2458,6939.3551,40.3811,166222.2832,498.0167,6979.7362,166720.2998
2459,7033.2102,88.0147,167568.434,1145.6086,7121.2249,168714.0426
2460,7070.8312,78.6061,167995.8106,1007.7075,7149.4373,169003.5181
2461,7078.9682,78.0286,168185.1822,1002.6456,7156.9968,169187.8278
2462,7119.4228,65.5539,168743.2692,849.9139,7184.9767,169593.1831
2463,7126.6404,66.7911,168920.5999,886.7147,7193.4316,169807.3147
2464,7174.7519,63.9986,169586.7039,853.9806,7238.7506,170440.6844
2465,7198.047,96.4228,170029.1885,1258.9217,7294.4698,171288.1102
2466,7175.435,112.2392,169727.7367,1438.7944,7287.6742,171166.5311
2467,7214.126,94.3472,170318.9275,1193.6483,7308.4732,171512.5758
2468,7241.2818,108.225,170612.4172,1389.4189,7349.5068,172001.8361
2469,7264.5002,107.4964,170879.2074,1438.0344,7371.9966,172317.2418
2470,7229.7476,105.8844,170173.4626,1439.3589,7335.6321,171612.8215
2471,7238.0717,81.5875,170164.9679,1053.2169,7319.6592,171218.1849
2472,6850.1881,61.0919,165676.9439,845.1089,6911.2801,166522.0528
2473,6846.7241,72.8858,165307.9444,1026.7189,6919.61,166334.6633
2474,6901.2609,60.7022,166128.9356,813.98,6961.9631,166942.9156
2475,6884.8654,75.6742,166027.7689,964.5211,6960.5396,166992.29
2476,6861.0076,81.4836,165785.3694,1029.62,6942.4912,166814.9894
2477,6856.9431,83.8325,165760.9594,1054.8167,6940.7756,166815.7761
2478,6882.7509,89.4853,165991.7556,1127.6144,6972.2362,167119.37
2479,6902.4729,82.4539,166113.6243,1043.3711,6984.9268,167156.9954
2480,6914.4419,82.3917,166291.2669,1034.7,6996.8336,167325.9669
2481,6922.3936,90.7211,166488.3092,1134.0433,7013.1147,167622.3525
2482,7038.0512,93.7233,167909.5488,1197.4211,7131.7745,169106.9699
2483,7134.1953,98.2708,169245.1483,1290.3489,7232.4661,170535.4972
2484,7147.1679,99.4064,169423.1097,1330.6367,7246.5743,170753.7464
2485,7131.7228,94.1739,169011.6815,1255.6244,7225.8967,170267.3059
2486,7153.9433,91.0842,169403.4542,1196.0078,7245.0275,170599.4619
2487,7213.5704,85.8531,170075.0275,1119.1667,7299.4234,171194.1942
2488,7174.6766,85.2797,169203.5649,1117.4128,7259.9563,170320.9777
2489,7234.276,89.1556,170363.8266,1179.5561,7323.4315,171543.3827
2490,7225.2276,103.5461,170636.0678,1299.5728,7328.7737,171935.6406
2491,7249.6355,89.9119,171003.4819,1182.4833,7339.5475,172185.9653
2492,7274.8471,97.9675,171273.8864,1288.4258,7372.8146,172562.3122
2493,7263.2264,129.1908,171293.14,1722.2633,7392.4172,173015.4033
2494,7241.0951,121.2183,171310.2902,1614.3811,7362.3134,172924.6713
2495,7215.2769,104.9336,171004.2075,1407.2011,7320.2106,172411.4086
2496,6817.0771,51.1447,165172.5378,661.8478,6868.2218,165834.3856
2497,6835.02,47.1969,165554.2656,609.5381,6882.217,166163.8036
2498,6805.4137,50.5328,165049.0489,650.2581,6855.9465,165699.3069
2499,6799.5825,63.4236,164957.0522,827.0833,6863.0061,165784.1356
2500,6802.0901,69.4028,164959.7819,900.9592,6871.4929,165860.7411
2501,6781.7406,70.9989,164666.6644,919.4808,6852.7395,165586.1453
2502,6782.7002,70.4931,164670.1361,916.4956,6853.1932,165586.6317
2503,6817.6656,67.0894,164926.5706,872.4631,6884.755,165799.0336
2504,6814.949,81.8422,164910.2178,1066.3928,6896.7912,165976.6106
2505,6823.8567,89.7047,165016.1667,1176.4858,6913.5614,166192.6525
2506,6892.4278,78.5142,166254.6839,1031.7769,6970.9419,167286.4608
2507,6977.9011,84.6139,167478.7219,1144.8242,7062.515,168623.5461
2508,7011.1489,92.2208,167798.3722,1316.7436,7103.3697,169115.1158
2509,7025.5256,95.9789,168005.1273,1368.7044,7121.5045,169373.8317
2510,7132.2586,87.4025,169644.2375,1199.6381,7219.6611,170843.8756
2511,7202.9495,92.0033,170951.6383,1185.0814,7294.9528,172136.7197
2512,7161.9172,98.8719,169961.7947,1241.9606,7260.7892,171203.7553
2513,7192.5102,101.0861,170149.2769,1263.4481,7293.5963,171412.725
2514,7273.3154,93.9003,171575.6344,1203.5072,7367.2157,172779.1417
2515,7240.9958,162.2731,170686.1411,2702.5975,7403.2689,173388.7386
2516,7261.6355,152.0789,170785.1117,2403.4011,7413.7144,173188.5128
2517,7278.2613,152.0939,171216.4836,2360.9744,7430.3551,173577.4581
2518,7273.0429,141.8769,171199.3867,2140.8864,7414.9199,173340.2731
2519,7267.5744,114.7031,171116.1844,1493.395,7382.2774,172609.5794
2520,6797.922,51.6025,164097.1328,610.5197,6849.5245,164707.6525
2521,6800.6647,39.7911,163907.7669,447.3178,6840.4558,164355.0847
2522,6792.6911,32.1256,163846.8619,341.7578,6824.8167,164188.6197
2523,6793.8278,33.4531,163853.9578,361.7958,6827.2809,164215.7536
2524,6795.46,32.6611,163940.1711,349.9167,6828.1211,164290.0878
2525,6805.2392,32.3017,163995.2778,344.8267,6837.5409,164340.1044
2526,6825.8258,32.0,164055.0133,340.0,6857.8258,164395.0133
2527,6848.6133,32.0,164242.2211,340.0,6880.6133,164582.2211
2528,6848.5453,32.0,164222.2156,340.0,6880.5453,164562.2156
2529,6880.1062,38.5914,164615.7364,430.3819,6918.6976,165046.1183
2530,6960.5135,76.9617,165792.5003,897.1953,7037.4752,166689.6956
2531,7065.3111,105.5222,167233.6472,1287.5919,7170.8333,168521.2392
2532,7067.1315,128.2236,167400.2417,1519.9761,7195.3551,168920.2178
2533,7137.496,127.7356,168503.6267,1531.9283,7265.2316,170035.555
2534,7213.2478,115.3358,169703.6658,1402.63,7328.5836,171106.2958
2535,7215.222,120.0078,169551.2956,1466.3394,7335.2298,171017.635
2536,7274.2956,125.7017,170924.9761,1559.8258,7399.9973,172484.8019
2537,7336.9818,100.8569,172464.3544,1302.4744,7437.8387,173766.8289
2538,7334.7315,99.9061,172584.7633,1276.8203,7434.6376,173861.5836
2539,7340.4878,104.9897,172586.8717,1349.0169,7445.4775,173935.8886
2540,7380.0525,96.8528,172906.2135,1235.6239,7476.9052,174141.8374
2541,7326.3003,76.8381,172285.1361,954.2056,7403.1383,173239.3417
2542,7308.6135,93.8708,171917.8972,1185.1911,7402.4843,173103.0883
2543,7296.3681,105.1283,171934.2477,1342.2933,7401.4964,173276.5411
2544,7109.7941,76.7019,169655.9067,944.7811,7186.4961,170600.6878
2545,7104.7719,74.2153,169561.6883,934.2272,7178.9872,170495.9156
2546,7095.5763,80.2244,169425.1744,1022.2458,7175.8007,170447.4203
2547,7069.0086,77.7092,169146.4517,948.0483,7146.7178,170094.5
2548,7068.2546,70.3497,169235.9517,857.6525,7138.6044,170093.6042
2549,7069.5125,61.4058,169147.0353,738.9742,7130.9183,169886.0094
2550,7079.0631,59.7464,169281.6717,715.7242,7138.8095,169997.3958
2551,7109.0845,63.7783,169490.4633,771.9147,7172.8628,170262.3781
2552,7122.222,62.0569,169744.6222,741.7675,7184.2789,170486.3897
2553,7119.6492,59.64,169740.7,704.1044,7179.2892,170444.8044
2554,7123.2664,60.2881,169830.5767,713.3208,7183.5544,170543.8975
2555,7130.1181,63.0056,169961.7944,749.8067,7193.1236,170711.6011
2556,7153.595,63.6644,170151.9489,757.43,7217.2594,170909.3789
2557,7218.9299,65.3897,170639.9078,783.3603,7284.3196,171423.2681
2558,7224.2096,68.2542,170704.495,822.8125,7292.4637,171527.3075
2559,7216.2436,74.3814,170620.1392,922.0639,7290.625,171542.2031
2560,7230.817,76.6067,170841.4986,957.1,7307.4236,171798.5986
2561,7264.1269,80.6914,171597.8478,1020.0681,7344.8183,172617.9158
2562,7254.6824,89.9578,171429.8344,1162.9731,7344.6401,172592.8075
2563,7229.6974,88.6617,171164.4728,1149.925,7318.3591,172314.3978
2564,7216.1011,88.5042,170922.5203,1147.2947,7304.6052,172069.815
2565,7208.0219,88.6314,170792.235,1153.6242,7296.6533,171945.8592
2566,7229.4349,87.2653,171095.27,1136.2406,7316.7002,172231.5106
2567,7253.4827,87.735,171603.3319,1142.4269,7341.2177,172745.7589
2568,7029.0535,61.8542,168609.1117,750.7675,7090.9077,169359.8792
2569,7025.2101,69.11,168451.7167,851.0067,7094.3201,169302.7233
2570,7030.1256,64.3331,168670.9628,784.9331,7094.4586,169455.8958
2571,7039.2711,66.0956,168856.6894,814.5631,7105.3666,169671.2525
2572,7041.1728,64.9086,168830.2467,800.2092,7106.0814,169630.4558
2573,7058.2907,64.0458,169028.4778,787.0569,7122.3366,169815.5347
2574,7068.2321,60.8397,169192.5117,734.0128,7129.0718,169926.5244
2575,7084.1929,55.5275,169341.4439,650.6158,7139.7204,169992.0597
2576,7072.1663,53.3911,169119.2667,616.5422,7125.5574,169735.8089
2577,7083.9137,53.295,169161.0089,614.425,7137.2087,169775.4339
2578,7126.8268,53.3658,169807.0617,615.5489,7180.1927,170422.6106
2579,7133.9646,60.2981,169838.1889,726.4467,7194.2626,170564.6356
2580,7162.2107,64.7239,170324.4083,797.7731,7226.9346,171122.1814
2581,7172.6364,66.8811,170462.3292,828.6878,7239.5176,171291.0169
2582,7164.3169,74.3044,170475.2183,932.5822,7238.6214,171407.8006
2583,7210.3565,76.9811,171379.3411,970.5822,7287.3376,172349.9233
2584,7224.6839,73.0628,171521.5347,914.7275,7297.7467,172436.2622
2585,7216.9017,73.7411,171490.0175,918.87,7290.6428,172408.8875
2586,7168.1007,71.9419,170826.535,890.0711,7240.0427,171716.6061
2587,7164.9544,77.4556,170645.1106,965.3778,7242.4099,171610.4883
2588,7181.648,79.7969,170840.0456,999.7511,7261.4449,171839.7967
2589,7209.1793,81.3042,171115.6964,1022.5625,7290.4834,172138.2589
2590,7219.9368,80.8194,171175.7353,1015.745,7300.7563,172191.4803
2591,7228.0012,81.2858,171483.5452,1022.2939,7309.2871,172505.8391
2592,6912.5875,40.7603,167302.8367,438.5211,6953.3478,167741.3578
2593,6909.3912,41.3694,167121.5428,447.5417,6950.7607,167569.0844
2594,6909.17,40.6594,167222.2317,436.8917,6949.8294,167659.1233
2595,6901.517,39.5708,167159.6344,420.1333,6941.0878,167579.7678
2596,6893.7515,39.6925,167130.0867,421.3875,6933.444,167551.4742
2597,6886.4216,36.4869,167077.0622,376.4642,6922.9086,167453.5264
2598,6893.6346,35.5533,167048.6056,362.5736,6929.188,167411.1792
2599,6920.5751,37.53,167353.3917,389.6933,6958.1051,167743.085
2600,6926.256,39.3019,167609.0342,414.5625,6965.558,168023.5967
2601,6955.0827,38.6364,168040.7478,404.5458,6993.7191,168445.2936
2602,7032.8837,52.1056,169017.4106,593.3864,7084.9892,169610.7969
2603,7114.0008,84.9653,170082.1506,1098.9686,7198.9661,171181.1192
2604,7163.7273,108.5147,170795.0883,1433.9231,7272.242,172229.0114
2605,7176.8062,89.9689,170943.2553,1175.4353,7266.7751,172118.6906
2606,7225.1998,83.2236,171749.8892,1077.6406,7308.4234,172827.5297
2607,7266.5172,99.2472,172441.0292,1252.6394,7365.7644,173693.6686
2608,7299.4674,94.365,172625.5908,1186.8358,7393.8324,173812.4266
2609,7282.7334,93.5347,172518.491,1176.3786,7376.2682,173694.8696
2610,7260.5011,95.5522,172291.5089,1220.0906,7356.0533,173511.5994
2611,7278.1591,83.7483,172859.8452,1060.3361,7361.9075,173920.1813
2612,7310.8801,89.4406,173289.6781,1135.4722,7400.3207,174425.1503
2613,7315.2786,86.6636,173181.3739,1119.9167,7401.9422,174301.2906
2614,7326.3939,84.4511,173269.21,1109.1872,7410.8451,174378.3972
2615,7294.7166,79.0786,172855.9367,1033.5211,7373.7953,173889.4578
2616,6983.0669,37.6042,168104.1276,433.3203,7020.671,168537.4479
2617,6924.6766,39.161,167416.2926,437.7911,6963.8376,167854.0837
2618,6886.7575,38.5044,166930.0544,421.0622,6925.2619,167351.1167
2619,6884.0066,42.0294,166916.0733,471.8478,6926.036,167387.9211
2620,6905.648,43.5647,167379.6017,495.1717,6949.2127,167874.7733
2621,6917.7458,48.9256,167611.1833,577.6231,6966.6714,168188.8064
2622,6925.6151,50.0967,167797.6328,595.3908,6975.7118,168393.0236
2623,6940.8241,41.4288,167859.2011,467.4292,6982.2528,168326.6303
2624,6944.5838,38.7278,167963.6783,422.0506,6983.3116,168385.7289
2625,6966.9928,45.4417,168309.3422,517.755,7012.4345,168827.0972
2626,7051.0267,69.1386,169262.6764,846.4894,7120.1653,170109.1659
2627,7089.2182,66.1564,169660.5997,808.6706,7155.3746,170469.2703
2628,7117.4598,67.229,170377.0111,843.6681,7184.6889,171220.6792
2629,7135.4512,71.3944,170621.4042,919.9625,7206.8456,171541.3667
2630,7183.3208,71.639,171213.3766,927.8936,7254.9598,172141.2702
2631,7249.6653,75.0382,172288.0287,989.8172,7324.7035,173277.8459
2632,7290.8272,78.3967,173005.0869,1002.2244,7369.2239,174007.3114
2633,7344.0752,76.1242,173832.5597,949.8278,7420.1993,174782.3875
2634,7316.3981,79.42,173867.6167,1005.6375,7395.8181,174873.2542
2635,7307.9921,65.5369,173402.3475,819.0611,7373.5291,174221.4086
2636,7371.4768,58.8975,173972.5558,714.8917,7430.3743,174687.4475
2637,7380.9275,63.0761,174050.8176,756.0656,7444.0036,174806.8831
2638,7368.0479,71.4219,174054.3564,867.6167,7439.4699,174921.9731
2639,7383.6237,71.7158,173952.4628,877.0217,7455.3396,174829.4844
2640,7376.7205,63.175,173281.245,772.5669,7439.8955,174053.8119
2641,7371.3345,65.5047,173027.5706,806.0661,7436.8392,173833.6367
2642,7361.6316,61.2047,172942.6483,747.1744,7422.8364,173689.8228
2643,7287.8622,70.7117,172001.3222,874.8625,7358.5739,172876.1847
2644,7242.7155,75.2236,171551.3683,938.0317,7317.9391,172489.4
2645,7219.0701,71.7289,171185.5117,888.2322,7290.799,172073.7439
2646,7217.7645,69.6776,171037.6594,858.6856,7287.4422,171896.345
2647,7227.5471,71.3697,170996.8822,879.1492,7298.9168,171876.0314
2648,7226.6901,67.3706,170838.3639,822.9556,7294.0607,171661.3194
2649,7197.3949,72.5119,170743.3717,893.1156,7269.9069,171636.4872
2650,7159.0666,68.1914,170300.8717,828.3478,7227.2579,171129.2194
2651,7209.0028,75.0181,170928.7102,947.7011,7284.0209,171876.4113
2652,7150.9982,73.5203,170300.6489,903.6361,7224.5185,171204.285
2653,7108.0543,92.6175,169723.2394,1162.0503,7200.6718,170885.2897
2654,7158.1644,95.264,170535.9625,1191.9558,7253.4285,171727.9183
2655,7225.4819,100.5236,171043.6314,1228.7647,7326.0056,172272.3961
2656,7275.909,92.6587,171197.0522,1123.6656,7368.5678,172320.7178
2657,7341.1679,101.6558,172054.2747,1249.9103,7442.8238,173304.185
2658,7380.8665,79.9117,172444.4954,974.8589,7460.7782,173419.3543
2659,7379.5564,68.9675,172279.1125,860.3239,7448.5239,173139.4364
2660,7355.67,63.3128,171661.0664,788.4025,7418.9828,172449.4689
2661,7358.0531,56.97,171594.8256,673.3256,7415.0231,172268.1511
2662,7344.4028,49.8047,171183.1356,563.6772,7394.2075,171746.8128
2663,7282.6881,51.5203,170364.205,583.6786,7334.2083,170947.8836
2664,7262.2143,53.0063,170100.4336,606.8989,7315.2206,170707.3325
2665,7247.6619,53.9864,169851.0855,618.8094,7301.6483,170469.8949
2666,7242.5346,54.1294,169709.2213,620.9417,7296.664,170330.1629
2667,7195.1089,56.2944,169176.065,662.3475,7251.4033,169838.4125
2668,7180.8092,53.3756,169036.9789,613.6333,7234.1847,169650.6122
2669,7182.6189,51.36,168818.685,583.4,7233.9789,169402.085
2670,7174.8064,51.7436,168736.6222,589.1542,7226.55,169325.7764
2671,7187.8089,51.1511,168891.9061,578.8881,7238.96,169470.7942
2672,7182.4175,50.4571,168738.8828,570.0764,7232.8746,169308.9592
2673,7160.2781,53.1236,168246.7181,624.4361,7213.4017,168871.1542
2674,7236.2722,55.0678,169167.4475,664.2194,7291.34,169831.6669
2675,7345.5611,45.0365,171394.5911,561.7792,7390.5976,171956.3703
2676,7387.4675,50.8082,173691.631,639.4583,7438.2757,174331.0893
2677,7417.9244,46.5607,174793.3233,583.7011,7464.4851,175377.0244
2678,7488.773,40.88,175643.91,508.1833,7529.653,176152.0933
2679,7516.8374,42.7264,175873.5156,531.175,7559.5638,176404.6906
2680,7496.8081,50.8324,175523.2581,638.7244,7547.6404,176161.9825
2681,7507.6321,62.6267,175636.815,804.6478,7570.2587,176441.4628
2682,7472.2485,62.5889,174862.0406,809.1656,7534.8374,175671.2061
2683,7441.8458,68.2304,174521.7228,881.7278,7510.0763,175403.4506
2684,7421.6686,67.0503,174551.485,876.5289,7488.7189,175428.0139
2685,7438.4806,70.0182,174680.2878,871.9717,7508.4987,175552.2594
2686,7432.9332,73.1539,174483.5178,923.6256,7506.0871,175407.1433
2687,7409.1879,73.2783,174232.8024,937.4356,7482.4662,175170.2379
2688,7404.3053,79.4478,174214.7758,1013.3264,7483.7531,175228.1022
2689,7383.2271,78.0286,173716.5861,1000.8514,7461.2557,174717.4375
2690,7343.0218,80.3778,173075.2489,1026.3722,7423.3996,174101.6211
2691,7300.3347,80.8822,172634.3311,1039.9911,7381.2169,173674.3222
2692,7276.604,81.5981,172455.6111,1051.3728,7358.2021,173506.9839
2693,7266.5313,78.5069,172358.5672,1007.64,7345.0383,173366.2072
2694,7278.9468,70.3933,172430.2228,892.5067,7349.3401,173322.7294
2695,7266.1169,68.445,172271.6322,865.23,7334.5619,173136.8622
2696,7257.7946,67.529,172060.445,852.3092,7325.3236,172912.7542
2697,7253.6601,71.369,171902.1203,918.2683,7325.0292,172820.3886
2698,7280.1044,78.535,172280.251,1021.4122,7358.6394,173301.6632
2699,7295.339,85.0883,172491.3654,1102.9283,7380.4274,173594.2937
2700,7302.9099,87.2857,172620.4136,1090.5694,7390.1956,173710.9831
2701,7328.8101,82.6758,173070.0722,1042.655,7411.486,174112.7272
2702,7367.1342,291.3051,173785.7081,2314.7119,7658.4393,176100.42
2703,7406.5431,342.3039,174839.5868,2416.0717,7748.8469,177255.6585
2704,7433.5865,331.1342,175466.1606,2141.5067,7764.7207,177607.6672
2705,7458.0639,325.4769,175570.9844,2142.5983,7783.5408,177713.5828
2706,7500.3672,323.5322,175960.8206,2206.1097,7823.8994,178166.9303
2707,7485.3821,199.6056,175713.11,1598.86,7684.9876,177311.97
2708,7465.8811,161.8964,175426.1469,1536.9892,7627.7775,176963.1361
2709,7428.9043,151.2303,174700.0278,1451.0778,7580.1346,176151.1056
2710,7386.8543,122.6831,173826.1922,1246.7033,7509.5374,175072.8956
2711,7367.5708,117.4817,173529.855,1251.8667,7485.0525,174781.7217
2712,7345.1121,117.1044,173188.7644,1240.9875,7462.2165,174429.7519
2713,7275.0599,104.3083,172253.0844,1060.6156,7379.3682,173313.7
2714,7251.4026,102.3603,172116.6944,1032.7872,7353.7629,173149.4817
2715,7247.7182,100.6119,172056.1189,1007.7756,7348.3301,173063.8944
2716,7205.4142,100.5986,171720.335,1005.23,7306.0128,172725.565
2717,7191.4751,98.7103,171585.6989,986.3706,7290.1854,172572.0694
2718,7196.979,98.1753,171606.5633,980.4989,7295.1543,172587.0622
2719,7176.1796,92.9521,171224.9367,898.5517,7269.1317,172123.4883
2720,7175.0131,86.41,171015.8372,802.3394,7261.4231,171818.1767
2721,7188.4407,93.2703,171093.4578,897.4147,7281.711,171990.8725
2722,7176.0118,96.3903,170819.2533,921.4794,7272.4021,171740.7328
2723,7197.7642,106.5133,170914.6669,1034.8811,7304.2775,171949.5481
2724,7159.2899,106.0222,170581.4911,1064.8578,7265.3121,171646.3489
2725,7162.2318,100.2165,170463.1683,985.0631,7262.4483,171448.2314
2726,7174.9731,103.1011,170505.2261,1018.6158,7278.0742,171523.8419
2727,7168.6424,105.8697,170387.9822,1080.2606,7274.5121,171468.2428
2728,7185.205,105.3483,170393.9276,1066.5775,7290.5533,171460.5051
2729,7167.3358,115.3364,170182.0361,1280.0694,7282.6722,171462.1056
2730,7173.0253,107.5308,170371.1559,1107.8736,7280.5562,171479.0295
2731,7183.5475,106.5883,170645.5556,1080.265,7290.1358,171725.8206
2732,7186.9836,105.6664,170736.3744,1077.7806,7292.65,171814.155
2733,7161.8489,107.8442,170443.9756,1140.2628,7269.6931,171584.2383
2734,7197.1124,110.7967,170886.2233,1182.3286,7307.909,172068.5519
2735,7194.8924,106.7928,170883.6808,1091.2933,7301.6851,171974.9742
2736,7186.4467,106.0242,170825.2681,1082.7125,7292.4708,171907.9806
2737,7169.9572,100.8997,170672.6822,984.1011,7270.8569,171656.7833
2738,7279.8194,107.4264,170624.2233,1145.54,7387.2458,171769.7633
2739,7356.9914,102.605,170570.6897,1144.2286,7459.5964,171714.9183
2740,7335.2868,99.8739,170422.5589,1101.0911,7435.1607,171523.65
2741,7322.1875,98.9494,170228.5456,1088.6372,7421.1369,171317.1828
2742,7319.731,98.7167,170065.0567,1086.8222,7418.4476,171151.8789
2743,7323.7821,96.5433,170008.1078,1061.3522,7420.3254,171069.46
2744,7334.7925,96.7728,170064.1044,1055.4622,7431.5653,171119.5667
2745,7364.9823,95.9753,170529.7661,1049.6489,7460.9576,171579.415
2746,7379.5743,93.0814,170701.9794,1041.8481,7472.6557,171743.8275
2747,7379.0492,92.7697,170755.3053,1046.6067,7471.8189,171801.9119
2748,7379.2703,92.5781,170944.5889,1043.3844,7471.8483,171987.9733
2749,7377.2176,84.785,170850.9267,944.6281,7462.0026,171795.5547
2750,7378.5812,87.5481,171067.0587,977.2836,7466.1293,172044.3423
2751,7353.2054,90.0533,170912.1833,991.655,7443.2588,171903.8383
2752,7354.2478,101.7042,171117.0911,1158.02,7455.9519,172275.1111
2753,7323.081,112.5322,170532.0831,1324.1383,7435.6132,171856.2214
2754,7310.2349,106.4233,170434.2628,1237.9456,7416.6582,171672.2083
2755,7316.5406,102.9525,170575.9508,1190.0572,7419.4931,171766.0081
2756,7354.5111,105.1003,171022.7475,1225.6206,7459.6114,172248.3681
2757,7403.6468,103.9507,171793.1494,1210.9533,7507.5975,173004.1028
2758,7446.5654,104.1331,172235.8356,1213.3692,7550.6985,173449.2047
2759,7474.6779,106.9158,172544.8706,1262.9756,7581.5938,173807.8461
2760,7475.7296,109.0569,172561.8511,1249.5658,7584.7865,173811.4169
2761,7445.0786,104.8628,172182.7044,1139.4239,7549.9414,173322.1283
2762,7405.7169,104.2344,171758.2778,1122.0567,7509.9514,172880.3344
2763,7361.7944,106.2571,171392.0256,1135.6058,7468.0515,172527.6314
2764,7347.1174,106.3106,171306.94,1131.3133,7453.4279,172438.2533
2765,7339.6954,108.7031,171063.8444,1166.1628,7448.3985,172230.0072
2766,7329.2553,105.7694,170814.31,1126.0833,7435.0247,171940.3933
2767,7330.5611,107.0778,170753.19,1143.7611,7437.6388,171896.9511
2768,7338.5226,98.4939,170883.6583,1087.7372,7437.0165,171971.3956
2769,7350.1411,94.0608,171068.5506,1113.6644,7444.2019,172182.215
2770,7346.9493,104.5869,171124.1529,1242.6625,7451.5362,172366.8154
2771,7427.8985,88.1203,172793.9996,930.3197,7516.0187,173724.3193
2772,7469.1631,95.315,173530.2206,1005.8028,7564.4781,174536.0233
2773,7457.1249,84.2408,173475.2414,843.6825,7541.3657,174318.9239
2774,7496.3806,85.0478,173664.2922,861.2444,7581.4283,174525.5366
2775,7544.8082,103.1549,174599.38,1132.1289,7647.9631,175731.5089
2776,7600.7342,98.1446,175409.6261,1066.4433,7698.8787,176476.0694
2777,7614.8008,93.7646,175324.1181,990.51,7708.5654,176314.6281
2778,7558.4753,97.1465,174681.1145,1050.6933,7655.6218,175731.8078
2779,7585.7049,98.9233,175038.6742,1075.6775,7684.6282,176114.3517
2780,7591.3099,101.9383,175089.8231,1119.1431,7693.2482,176208.9661
2781,7582.0561,98.9681,174710.8625,1074.8106,7681.0242,175785.6731
2782,7572.1362,96.5014,174367.2284,1040.4478,7668.6376,175407.6762
2783,7557.7917,100.9822,174290.7406,1099.8739,7658.7739,175390.6144
2784,7586.4836,104.9414,175068.8328,1172.565,7691.425,176241.3978
2785,7563.7692,105.1836,174730.2733,1179.0872,7668.9528,175909.3606
2786,7530.9868,99.3569,174399.7578,1101.5417,7630.3438,175501.2994
2787,7500.5368,97.3194,174186.6033,1072.66,7597.8563,175259.2633
2788,7469.0667,93.4231,173832.8356,1018.4856,7562.4898,174851.3211
2789,7454.3366,90.2481,173546.2689,974.23,7544.5846,174520.4989
2790,7443.2894,88.6406,173282.2489,948.5967,7531.93,174230.8456
2791,7421.9385,88.1256,172811.67,943.0411,7510.0641,173754.7111
2792,7409.6904,90.1331,172596.9286,972.0644,7499.8234,173568.993
2793,7444.0665,75.0456,173016.5456,757.4944,7519.1121,173774.04
2794,7509.9349,90.2815,173632.8946,950.1894,7600.2164,174583.0841
2795,7506.9271,106.6632,173688.9087,1140.4383,7613.5903,174829.3471
2796,7572.7851,100.7204,174463.1883,1042.5106,7673.5056,175505.6989
2797,7536.7943,100.5369,174217.1061,1032.39,7637.3313,175249.4961
2798,7541.5928,95.741,174236.9225,968.1525,7637.3337,175205.075
2799,7563.3726,97.6544,175071.0793,994.9467,7661.0271,176066.026
2800,7612.0607,94.7636,175322.2147,946.7633,7706.8243,176268.978
2801,7675.1828,104.4461,176483.4968,1045.2211,7779.6289,177528.7179
2802,7708.3535,95.0317,176654.4639,899.2394,7803.3851,177553.7033
2803,7688.2572,111.3414,176415.3119,1101.4517,7799.5986,177516.7636
2804,7697.4196,113.8511,175736.6732,1111.1239,7811.2707,176847.7971
2805,7716.2546,133.8406,175682.8742,1443.7853,7850.0951,177126.6594
2806,7680.7078,112.7378,174974.79,1131.2161,7793.4456,176106.0061
2807,7620.3669,132.5203,174052.0147,1386.7867,7752.8872,175438.8014
2808,7618.5253,151.7707,174508.7014,1629.0833,7770.296,176137.7847
2809,7602.5024,157.4708,174237.6306,1735.1778,7759.9732,175972.8083
2810,7596.3419,158.7133,174164.7811,1745.99,7755.0553,175910.7711
2811,7579.3801,161.8214,173809.6519,1745.2956,7741.2014,175554.9475
2812,7501.7382,148.2531,172802.6278,1553.76,7649.9912,174356.3878
2813,7469.1062,138.0917,172675.5311,1407.83,7607.1979,174083.3611
2814,7482.8194,128.6569,172632.6922,1273.3922,7611.4764,173906.0844
2815,7472.3238,123.4064,172591.5,1198.4656,7595.7301,173789.9656
2816,7454.1186,122.0108,172623.6333,1178.5744,7576.1294,173802.2078
2817,7444.7114,129.2663,172390.0789,1276.8269,7573.9776,173666.9058
2818,7502.396,141.3436,173081.3517,1433.9369,7643.7396,174515.2886
2819,7547.9236,138.4386,173920.1517,1385.8833,7686.3622,175306.035
2820,7511.1489,149.1165,173900.9797,1488.8842,7660.2654,175389.8638
2821,7450.1267,158.4578,173083.3843,1620.2617,7608.5844,174703.646
2822,7474.2373,154.6118,173440.8557,1571.7614,7628.8491,175012.6171
2823,7499.4761,156.2121,174153.7597,1592.7217,7655.6882,175746.4813
2824,7496.3082,150.635,174213.9886,1425.1683,7646.9432,175639.1569
2825,7505.0459,159.1925,174081.4436,1387.0061,7664.2384,175468.4497
2826,7464.677,169.4649,172224.5257,1609.5058,7634.1418,173834.0315
2827,7456.126,197.05,172055.7307,1946.6094,7653.176,174002.3401
2828,7474.2161,196.0625,172418.7944,1840.2128,7670.2786,174259.0072
2829,7486.9284,188.1219,172429.2367,1696.81,7675.0503,174126.0467
2830,7452.771,188.0613,171680.4025,1579.3028,7640.8322,173259.7053
2831,7457.6519,202.8049,171949.0422,1723.5139,7660.4567,173672.5561
2832,7491.4906,223.9118,173472.5406,1932.1256,7715.4024,175404.6661
2833,7443.7419,230.4181,173101.7314,1986.1244,7674.1599,175087.8558
2834,7438.9269,229.8664,173108.9803,1981.6556,7668.7933,175090.6358
2835,7419.8256,212.9028,172858.1889,1886.2178,7632.7283,174744.4067
2836,7372.7989,202.0997,172300.0111,1818.6178,7574.8986,174118.6289
2837,7336.0036,199.1919,171579.7583,1778.0239,7535.1956,173357.7822
2838,7329.5152,194.3978,171318.6122,1709.7111,7523.913,173028.3233
2839,7358.7932,189.1558,171435.4003,1645.4678,7547.949,173080.8681
2840,7333.6188,188.5139,171025.0581,1641.4283,7522.1327,172666.4864
2841,7326.0279,192.6431,170955.5542,1695.7328,7518.671,172651.287
2842,7405.7759,178.7089,172303.1039,1566.4414,7584.4848,173869.5453
2843,7435.1673,169.5837,172330.6696,1649.1664,7604.7511,173979.836
2844,7368.7398,172.8072,171393.1223,1766.9194,7541.547,173160.0418
2845,7378.5284,167.9972,171415.6091,1763.0022,7546.5256,173178.6113
2846,7425.9142,162.5225,172756.3444,1725.2622,7588.4367,174481.6067
2847,7474.4669,144.529,173283.0311,1482.6883,7618.9959,174765.7194
2848,7472.7303,147.5735,173156.7528,1422.5497,7620.3038,174579.3025
2849,7491.2439,167.5231,173953.3381,1519.685,7658.7669,175473.0231
2850,7556.1317,167.3211,174958.0458,1535.8992,7723.4528,176493.945
2851,7545.6642,173.0519,174724.8071,1580.2156,7718.7161,176305.0226
2852,7552.5906,176.699,174855.7229,1609.3422,7729.2896,176465.0652
2853,7563.2611,168.3514,174800.4208,1586.375,7731.6125,176386.7958
2854,7535.0087,178.7592,174260.5043,1790.5933,7713.7679,176051.0977
2855,7561.9102,176.675,174195.1585,1816.8744,7738.5852,176012.0329
2856,7610.8718,181.9253,177076.8672,1796.8711,7792.7971,178873.7383
2857,7586.1881,198.0403,177973.2825,1882.4528,7784.2283,179855.7353
2858,7559.2728,199.1767,178008.0106,1885.7222,7758.4494,179893.7328
2859,7494.475,197.1825,176822.5628,1850.6011,7691.6575,178673.1639
2860,7445.4819,193.2653,175689.0394,1796.1111,7638.7472,177485.1506
2861,7394.3111,189.7586,175130.5489,1743.34,7584.0697,176873.8889
2862,7363.1567,184.3575,174648.2822,1694.0544,7547.5142,176342.3367
2863,7345.6581,175.0139,174125.0325,1658.0878,7520.6719,175783.1203
2864,7326.8836,172.8953,173870.49,1635.2533,7499.7789,175505.7433
2865,7357.2228,172.9065,174344.2572,1637.6258,7530.1293,175981.8831
2866,7371.7833,171.865,174485.3178,1647.2722,7543.6483,176132.59
2867,7449.1039,173.3869,175766.9886,1746.3633,7622.4908,177513.3519
2868,7466.1506,159.5881,176059.9461,1609.3747,7625.7386,177669.3208
2869,7473.3364,145.1828,176167.6914,1439.1506,7618.5192,177606.8419
2870,7479.3136,150.6311,176559.7239,1504.1275,7629.9447,178063.8514
2871,7531.5058,161.7794,177760.8256,1628.385,7693.2853,179389.2106
2872,7566.6981,172.9936,178270.7113,1764.0656,7739.6917,180034.7769
2873,7584.9017,158.185,178312.2972,1533.7019,7743.0867,179845.9992
2874,7550.8187,155.48,177798.045,1560.7722,7706.2987,179358.8172
2875,7480.4834,159.9733,176750.83,1596.4678,7640.4568,178347.2978
2876,7436.6989,160.1931,175311.1582,1606.5897,7596.8919,176917.7479
2877,7436.32,146.8506,174376.4692,1430.5953,7583.1706,175807.0644
2878,7434.2219,143.4892,173612.9919,1395.7667,7577.7111,175008.7586
2879,7415.8008,147.2917,172902.7961,1421.6522,7563.0925,174324.4483
2880,7398.6769,153.9236,172336.9044,1468.4872,7552.6006,173805.3917
2881,7374.0667,161.5033,172053.5942,1532.6711,7535.57,173586.2653
2882,7387.7275,170.9076,171964.5522,1676.7981,7558.6351,173641.3503
2883,7418.705,175.3508,172721.6744,1738.9733,7594.0558,174460.6478
2884,7391.7861,173.7592,172692.9044,1711.3211,7565.5453,174404.2256
2885,7379.1249,173.5692,172525.1367,1706.5533,7552.6941,174231.69
2886,7370.5369,169.6036,172434.9633,1690.685,7540.1406,174125.6483
2887,7376.3942,173.3444,172536.2822,1803.1728,7549.7386,174339.455
2888,7367.5931,161.2639,172480.6511,1674.455,7528.8569,174155.1061
2889,7384.5761,160.3972,172762.5117,1635.6689,7544.9733,174398.1806
2890,7380.0781,154.7606,172777.692,1563.3222,7534.8386,174341.0142
2891,7349.1833,140.2558,172344.7259,1427.3697,7489.4392,173772.0957
2892,7341.0778,137.6542,172290.7061,1407.38,7478.7319,173698.0861
2893,7321.1035,147.2503,172083.8597,1508.6797,7468.3538,173592.5394
2894,7318.6218,157.0689,172129.4378,1638.6356,7475.6907,173768.0733
2895,7338.5125,151.2106,172436.5608,1562.5267,7489.7231,173999.0875
2896,7334.8639,136.4322,172447.4192,1382.2447,7471.2961,173829.6639
2897,7329.2679,123.8853,172371.896,1274.0511,7453.1532,173645.9471
2898,7316.4764,125.5267,172320.3837,1292.9917,7442.0031,173613.3754
2899,7297.3586,126.5956,172276.1494,1298.1617,7423.9542,173574.3111
2900,7297.695,125.5106,172011.9878,1313.9267,7423.2056,173325.9144
2901,7299.5135,154.9013,171858.6784,1855.1406,7454.4147,173713.8189
2902,7286.5958,157.2681,171575.8633,1866.7633,7443.8639,173442.6267
2903,7275.9372,147.6769,171323.3522,1737.3622,7423.6142,173060.7144
2904,7262.6331,147.495,171254.6031,1696.7372,7410.1281,172951.3403
2905,7257.7387,150.5319,171224.6232,1731.9208,7408.2707,172956.544
2906,7251.3981,148.7411,171188.655,1705.7822,7400.1392,172894.4372
2907,7222.2847,148.3725,170960.9811,1710.3239,7370.6572,172671.305
2908,7183.2194,144.5042,170696.2911,1651.61,7327.7236,172347.9011
2909,7161.2572,144.1233,170315.2478,1645.8667,7305.3806,171961.1144
2910,7151.8828,141.9019,170108.2144,1622.5639,7293.7847,171730.7783
2911,7161.5207,137.1631,170220.1663,1548.8344,7298.6837,171769.0007
2912,7168.8086,131.6178,170314.2239,1526.6711,7300.4264,171840.895
2913,7155.2708,138.1717,170037.3867,1631.7169,7293.4425,171669.1036
2914,7167.4547,155.1967,170171.6449,1938.19,7322.6514,172109.8349
2915,7163.1282,181.0122,169982.564,2472.1094,7344.1404,172454.6734
2916,7155.1625,179.5046,170055.1813,2409.1456,7334.6671,172464.3269
2917,7190.2908,168.8094,170892.4544,2291.9858,7359.1003,173184.4403
2918,7160.8497,172.4231,170357.0875,2332.4331,7333.2728,172689.5206
2919,7165.8728,174.0492,170359.2698,2345.6439,7339.9219,172704.9137
2920,7164.165,173.9131,170606.6728,2382.2378,7338.0781,172988.9106
2921,7217.8808,160.5472,171281.69,2044.9236,7378.4281,173326.6136
2922,7211.5243,162.1997,171177.7275,2041.85,7373.724,173219.5775
2923,7192.7869,167.0425,171054.1011,2117.6336,7359.8294,173171.7347
2924,7169.5314,172.0047,170731.6672,2193.8967,7341.5361,172925.5639
2925,7147.5007,183.2011,170443.4747,2350.4931,7330.7018,172793.9678
2926,7108.6683,169.8711,170351.7828,2146.4492,7278.5394,172498.2319
2927,7097.9297,151.3625,170180.5704,1726.9317,7249.2922,171907.5021
2928,7121.1483,145.8667,170438.4419,1565.7567,7267.015,172004.1986
2929,7112.81,158.2017,170455.5897,1996.1694,7271.0117,172451.7592
2930,7086.7689,162.9319,170220.7828,2060.0706,7249.7008,172280.8533
2931,7083.4575,141.9708,170188.9111,1551.8533,7225.4283,171740.7644
2932,7088.7467,141.6628,170200.6358,1567.4689,7230.4094,171768.1047
2933,7089.5372,140.6817,170164.4411,1544.1,7230.2189,171708.5411
2934,7084.8128,160.5939,170253.33,2037.5561,7245.4067,172290.8861
2935,7086.8378,170.0836,170390.7278,2445.2172,7256.9214,172835.945
2936,7096.2264,156.5092,170504.8844,2158.5578,7252.7356,172663.4422
2937,7100.1639,120.6314,170669.3219,1446.0642,7220.7953,172115.3861
2938,7132.8703,108.3653,171228.0623,1213.7039,7241.2356,172441.7662
2939,7218.3625,120.0919,172680.9055,1355.5767,7338.4544,174036.4822
2940,7208.0778,113.6681,172734.2517,1145.1106,7321.7458,173879.3622
2941,7188.3358,118.4186,172582.0372,1224.22,7306.7544,173806.2572
2942,7250.5922,117.5378,173668.1683,1222.7139,7368.13,174890.8822
2943,7326.9676,131.4733,174848.2027,1648.6908,7458.4409,176496.8935
2944,7386.118,154.3283,176151.1236,2023.535,7540.4463,178174.6586
2945,7297.8251,184.8372,175156.6501,2640.8472,7482.6624,177797.4973
2946,7262.3064,155.7186,174574.1522,1946.9061,7418.025,176521.0583
2947,7321.649,165.7739,175205.2911,2077.335,7487.4229,177282.6261
2948,7438.6244,160.3033,176980.9353,1903.5375,7598.9278,178884.4728
2949,7439.1883,152.8219,176615.8988,1778.2144,7592.0103,178394.1132
2950,7421.3,132.0119,176069.1922,1387.3614,7553.3119,177456.5536
2951,7384.8733,139.8217,175322.1128,1515.0444,7524.695,176837.1572
2952,7337.9597,126.3078,174589.0097,1292.7672,7464.2675,175881.7769
2953,7292.3754,138.3131,174090.0179,1387.1578,7430.6885,175477.1757
2954,7256.84,157.8708,173568.8061,1575.54,7414.7108,175144.3461
2955,7213.0869,156.8411,173203.2667,1553.2817,7369.9281,174756.5483
2956,7219.6089,151.1956,173271.2611,1476.9,7370.8044,174748.1611
2957,7214.0899,138.8744,172993.4947,1341.9489,7352.9643,174335.4436
2958,7193.7474,132.8769,172657.0271,1272.7708,7326.6243,173929.7979
2959,7189.7906,128.4633,172473.9944,1281.7822,7318.2539,173755.7767
2960,7186.2878,121.1803,172404.5444,1205.7339,7307.4681,173610.2783
2961,7209.0397,119.4881,172725.7311,1172.4489,7328.5278,173898.18
2962,7240.878,125.4164,173362.4614,1273.0503,7366.2944,174635.5117
2963,7297.9213,137.1646,174376.3689,1430.3333,7435.0859,175806.7022
2964,7329.1561,152.2929,175015.7258,1604.3411,7481.449,176620.0669
2965,7347.7432,142.7349,175185.3389,1439.0139,7490.4781,176624.3528
2966,7350.2966,138.6097,175243.5731,1457.5186,7488.9063,176701.0917
2967,7388.6219,118.2325,175917.0489,1284.3367,7506.8544,177201.3856
2968,7473.8231,112.8721,177312.8539,1161.9233,7586.6951,178474.7772
2969,7468.4021,114.9919,176913.9069,1180.9536,7583.3941,178094.8606
2970,7447.7346,115.5717,176465.2647,1191.95,7563.3062,177657.2147
2971,7413.2958,112.7264,175975.6539,1130.6733,7526.0222,177106.3272
2972,7374.6481,116.9278,175048.5764,1221.4358,7491.5758,176270.0122
2973,7350.5264,130.5424,174775.3028,1431.7847,7481.0687,176207.0875
2974,7287.0108,152.3356,174195.8861,1637.9292,7439.3464,175833.8153
2975,7260.5688,151.1475,173882.1186,1565.7017,7411.7163,175447.8203
2976,7263.4991,159.2075,174024.7969,1608.1589,7422.7066,175632.9558
2977,7264.463,177.9442,174263.9817,1758.39,7442.4072,176022.3717
2978,7248.4923,182.4319,174284.1711,1804.0622,7430.9243,176088.2333
2979,7219.5771,187.0342,173873.6533,1851.5211,7406.6113,175725.1744
2980,7229.5777,182.0933,173986.5933,1785.9322,7411.6711,175772.5256
2981,7216.884,173.2806,173804.0244,1665.6881,7390.1646,175469.7125
2982,7213.2021,163.6339,173648.7742,1561.9619,7376.836,175210.7361
2983,7220.4728,144.6742,173693.3311,1378.58,7365.147,175071.9111
2984,7219.473,136.3744,173678.3389,1277.7533,7355.8474,174956.0922
2985,7208.0284,135.5903,173356.1536,1315.1956,7343.6186,174671.3491
2986,7273.8575,120.2825,173740.9612,1187.2867,7394.14,174928.2478
2987,7428.1176,109.5308,175822.0106,1049.1633,7537.6485,176871.1739
2988,7379.1819,114.2536,175304.6856,1091.3031,7493.4356,176395.9887
2989,7355.3508,135.2897,175452.0278,1212.6642,7490.6406,176664.6919
2990,7384.0826,129.0964,175808.085,1306.6006,7513.179,177114.6856
2991,7463.3623,106.2222,177004.2163,1048.6464,7569.5845,178052.8627
2992,7466.609,98.5272,177057.0786,993.1075,7565.1362,178050.1861
2993,7473.8961,118.6131,177267.7289,1231.1728,7592.5092,178498.9017
2994,7447.631,129.2739,176982.9314,1307.2617,7576.9049,178290.1931
2995,7512.8614,104.7689,177769.3925,1032.2944,7617.6303,178801.6869
2996,7460.5428,124.185,176806.5313,1203.7647,7584.7278,178010.2961
2997,7460.1933,128.9678,176679.1877,1265.6142,7589.161,177944.8018
2998,7449.1556,137.1072,176515.4617,1351.8164,7586.2628,177867.2781
2999,7424.0653,129.4872,176134.7239,1278.36,7553.5525,177413.0839
3000,7372.4708,128.0069,175479.3436,1278.2569,7500.4778,176757.6006
3001,7254.6683,139.9683,173754.2131,1432.01,7394.6367,175186.2231
3002,7245.2925,146.7775,173606.7092,1511.0733,7392.07,175117.7825
3003,7221.8439,150.9331,173336.99,1562.3733,7372.7769,174899.3633
3004,7170.3869,144.7817,172873.405,1488.4222,7315.1686,174361.8272
3005,7141.5044,137.3983,172377.1356,1387.78,7278.9028,173764.9156
3006,7126.7833,139.9172,172221.6217,1406.0844,7266.7006,173627.7061
3007,7136.8017,134.1228,172308.9722,1343.9383,7270.9244,173652.9106
3008,7137.8656,137.2251,172257.1389,1349.7022,7275.0907,173606.8411
3009,7129.3344,131.7306,172253.6886,1272.5017,7261.065,173526.1903
3010,7229.5995,123.7044,173948.8256,1227.6719,7353.304,175176.4976
3011,7286.1578,120.3818,174659.8722,1254.0867,7406.5396,175913.9589
3012,7278.0725,132.6464,174479.6864,1371.6481,7410.7189,175851.3344
3013,7267.2581,148.2208,174387.5364,1548.3769,7415.4789,175935.9133
3014,7257.1558,172.2419,173995.8521,1822.6844,7429.3978,175818.5365
3015,7281.7974,157.5192,174305.8242,1628.56,7439.3165,175934.3842
3016,7287.258,137.42,174090.2089,1431.5844,7424.678,175521.7933
3017,7336.5914,133.0211,174689.7108,1318.2225,7469.6125,176007.9333
3018,7336.4433,129.4547,174785.2697,1222.2422,7465.898,176007.5119
3019,7348.3689,112.275,175014.905,1064.6789,7460.6439,176079.5839
3020,7364.2493,130.9308,175276.0689,1341.1883,7495.1801,176617.2572
3021,7374.0451,134.2736,175473.2206,1427.1122,7508.3187,176900.3328
3022,7373.3764,141.3836,175302.0681,1498.8172,7514.76,176800.8853
3023,7357.2653,138.2442,175147.8056,1469.5028,7495.5094,176617.3083
3024,7362.2432,143.0675,175461.3031,1510.3367,7505.3107,176971.6397
3025,7388.038,163.25,176126.0372,1747.92,7551.288,177873.9572
3026,7357.3079,167.8333,175721.2911,1804.6092,7525.1413,177525.9003
3027,7322.1338,166.5861,175211.1172,1792.8556,7488.7199,177003.9728
3028,7284.6206,169.0831,174663.1325,1831.6394,7453.7036,176494.7719
3029,7258.5996,159.8311,174552.2831,1714.1667,7418.4307,176266.4497
3030,7247.5304,150.8589,174456.2344,1582.7544,7398.3893,176038.9889
3031,7242.9033,141.1944,174341.8967,1455.8706,7384.0978,175797.7672
3032,7241.171,135.1842,174456.9869,1381.1744,7376.3551,175838.1614
3033,7252.8653,131.6433,174608.5857,1337.2842,7384.5086,175945.8698
3034,7279.5444,147.8903,173820.2867,1569.3339,7427.4347,175389.6206
3035,7329.7228,168.3478,173649.7847,1899.4036,7498.0705,175549.1883
3036,7263.2231,155.1611,172892.9478,1725.5483,7418.3842,174618.4961
3037,7268.6831,144.0122,173006.4308,1540.355,7412.6953,174546.7858
3038,7319.5296,147.8119,174184.5617,1585.4328,7467.3415,175769.9944
3039,7312.7282,147.0467,174206.4902,1581.4678,7459.7749,175787.958
3040,7324.4434,146.8353,174442.2753,1596.7031,7471.2786,176038.9783
3041,7382.2611,135.9375,175400.7747,1517.5342,7518.1986,176918.3089
3042,7399.9841,132.1422,175924.4244,1438.3886,7532.1263,177362.8131
3043,7358.2331,124.8744,174941.8784,1324.3075,7483.1075,176266.1859
3044,7330.9028,131.8111,174479.1842,1450.2417,7462.7139,175929.4258
3045,7313.602,144.1994,174557.1811,1510.7983,7457.8015,176067.9794
3046,7290.3984,154.5831,174049.6947,1604.1842,7444.9815,175653.8789
3047,7298.8024,160.6575,174161.8681,1646.7211,7459.4599,175808.5892
3048,7327.0358,158.91,174508.7494,1626.1967,7485.9458,176134.9461
3049,7322.2678,150.1347,174364.1736,1530.3589,7472.4025,175894.5325
3050,7296.4064,145.6419,173998.8383,1477.2317,7442.0483,175476.07
3051,7260.9281,142.8794,173733.7061,1431.0033,7403.8075,175164.7094
3052,7235.1536,140.1192,173531.7425,1407.7394,7375.2728,174939.4819
3053,7216.3858,129.4153,173457.0292,1273.1244,7345.8011,174730.1536
3054,7241.75,144.1631,173638.7917,1449.6111,7385.9131,175088.4028
3055,7240.6203,146.0414,173618.5967,1473.5156,7386.6617,175092.1122
3056,7247.6618,154.6953,173636.2044,1593.8306,7402.3571,175230.035
3057,7263.1042,155.4814,173679.8722,1616.3428,7418.5856,175296.215
3058,7272.3425,149.8719,173778.6042,1559.5892,7422.2144,175338.1933
3059,7276.7244,145.7789,173807.1589,1520.9942,7422.5033,175328.1531
3060,7258.025,160.8944,173489.4689,1728.0414,7418.9194,175217.5103
3061,7256.9325,161.1292,173536.8706,1729.1456,7418.0617,175266.0161
3062,7256.4467,162.1581,173727.5917,1716.0911,7418.6047,175443.6828
3063,7249.9769,162.0042,173646.1233,1729.6392,7411.9811,175375.7625
3064,7286.3017,170.2936,174218.5469,1841.2228,7456.5953,176059.7697
3065,7278.9442,167.9044,174035.5092,1808.0,7446.8486,175843.5092
3066,7255.4331,181.8478,173694.7808,1932.7844,7437.2808,175627.5653
3067,7236.1492,182.05,173330.6731,1938.3967,7418.1992,175269.0697
3068,7224.4736,174.5111,173202.6958,1870.0778,7398.9847,175072.7736
3069,7214.9456,177.8472,173185.8561,1901.4189,7392.7928,175087.275
3070,7233.8633,171.5031,173162.9856,1815.3311,7405.3664,174978.3167
3071,7267.8092,146.075,173444.9186,1507.6511,7413.8842,174952.5697
3072,7264.8936,146.9189,173453.5678,1543.3733,7411.8125,174996.9411
3073,7273.7967,157.8094,173735.1111,1702.0661,7431.6061,175437.1772
3074,7264.0397,163.2631,173519.3489,1771.5931,7427.3028,175290.9419
3075,7228.1606,171.5881,173153.7236,1850.89,7399.7486,175004.6136
3076,7198.7194,190.7564,172627.7392,2085.0778,7389.4758,174712.8169
3077,7181.4436,172.2894,172466.9233,1832.8111,7353.7331,174299.7344
3078,7180.9617,166.6692,172480.6114,1763.1175,7347.6308,174243.7289
3079,7180.2122,154.8119,172389.2961,1624.2492,7335.0242,174013.5453
3080,7174.0769,131.7842,172334.1638,1335.3011,7305.8611,173669.4649
3081,7161.9503,123.7817,172133.0519,1233.5103,7285.7319,173366.5622
3082,7188.6464,119.2728,172511.2292,1179.2822,7307.9192,173690.5114
3083,7198.6919,124.554,172966.5122,1250.1267,7323.2459,174216.6389
3084,7176.6971,139.6772,172613.1325,1433.2722,7316.3743,174046.4047
3085,7167.9539,158.3261,172544.3578,1646.1806,7326.28,174190.5383
3086,7155.4294,176.4372,172326.4333,1887.1278,7331.8667,174213.5611
3087,7184.8308,176.1461,172708.5542,1889.3322,7360.9769,174597.8864
3088,7194.4535,177.4136,172854.0072,1901.8078,7371.8671,174755.8149
3089,7181.6469,177.6894,172677.1331,1913.4389,7359.3364,174590.572
3090,7189.3986,170.2253,172765.8989,1831.1842,7359.6239,174597.0831
3091,7193.8241,144.4672,172890.1383,1530.1533,7338.2913,174420.2917
3092,7209.1569,138.5486,173052.4625,1461.2217,7347.7056,174513.6842
3093,7211.7169,144.4611,172926.8789,1519.7578,7356.1781,174446.6367
3094,7186.5926,155.3653,172411.9703,1635.3322,7341.9579,174047.3025
3095,7160.6995,154.9247,172030.4532,1649.3608,7315.6242,173679.814
3096,6880.9498,84.4908,167413.9575,907.5933,6965.4406,168321.5508
3097,6886.7692,61.7886,167533.2631,623.5408,6948.5578,168156.8039
3098,6904.9656,58.8869,167728.7425,579.3144,6963.8525,168308.0569
3099,6919.5783,63.3419,167915.8822,635.6903,6982.9203,168551.5725
3100,6900.5955,70.4917,167644.9339,723.52,6971.0872,168368.4539
3101,6884.0119,74.5583,167523.5672,768.7492,6958.5703,168292.3164
3102,6890.1308,70.9619,167636.8636,717.0522,6961.0928,168353.9158
3103,6890.7083,77.02,167652.1536,791.4111,6967.7283,168443.5647
3104,6902.7878,115.6289,167788.1492,1259.5244,7018.4167,169047.6736
3105,6933.3356,121.2903,168170.3314,1325.7822,7054.6258,169496.1136
3106,6996.2133,123.345,168835.9094,1350.7494,7119.5583,170186.6589
3107,7039.9558,148.4822,169494.5711,1660.63,7188.4381,171155.2011
3108,7091.4125,141.8761,170169.7567,1540.7672,7233.2886,171710.5239
3109,7142.1608,129.9331,170893.7531,1374.3861,7272.0939,172268.1392
3110,7141.4278,130.1031,170853.7264,1408.2019,7271.5308,172261.9283
3111,7173.2067,136.2961,171365.3294,1508.3761,7309.5028,172873.7056
3112,7274.8228,123.0769,172767.4575,1384.8033,7397.8997,174152.2608
3113,7294.3017,125.3847,172815.3106,1282.1867,7419.6864,174097.4972
3114,7294.1042,127.2411,173100.2119,1314.3717,7421.3453,174414.5836
3115,7285.3014,117.9739,173170.6006,1234.505,7403.2753,174405.1056
3116,7314.8553,94.2967,173763.4886,1065.0381,7409.1519,174828.5267
3117,7323.8894,107.6356,173778.4694,1225.5389,7431.525,175004.0083
3118,7317.4306,129.3931,173699.3794,1491.7317,7446.8236,175191.1111
3119,7287.0647,140.085,173438.4089,1625.5083,7427.1497,175063.9172
3120,7306.7585,135.5108,173746.5917,1582.2656,7442.2693,175328.8572
3121,7343.8872,142.0119,174437.8683,1666.8761,7485.8992,176104.7444
3122,7319.3639,152.3778,174129.1247,1795.5333,7471.7417,175924.6581
3123,7306.7194,199.2406,174245.5242,2357.8867,7505.96,176603.4108
3124,7294.8117,193.7953,174262.3244,2290.3733,7488.6069,176552.6978
3125,7270.8058,190.4514,173919.6711,2239.4389,7461.2572,176159.11
3126,7264.6744,189.8242,173845.6211,2223.8256,7454.4986,176069.4467
3127,7252.8047,174.8017,173521.9742,2043.7211,7427.6064,175565.6953
3128,7221.2567,160.4103,173086.2747,1875.0522,7381.6669,174961.3269
3129,7203.8861,148.3431,172822.8375,1724.1633,7352.2292,174547.0008
3130,7236.8578,157.0903,173120.0403,1838.305,7393.9481,174958.3453
3131,7244.7465,168.4267,172583.2606,1981.2611,7413.1732,174564.5217
3132,7222.2244,168.9381,172141.0636,2016.6272,7391.1625,174157.6908
3133,7205.7033,201.2292,172089.6517,2389.0767,7406.9325,174478.7283
3134,7229.0208,181.1378,172517.7303,2156.5578,7410.1586,174674.2881
3135,7291.5554,179.0233,173341.7208,2144.6656,7470.5788,175486.3864
3136,7272.5139,185.0136,173154.1269,2245.2061,7457.5275,175399.3331
3137,7273.1611,165.2631,173116.0269,1976.2839,7438.4242,175092.3108
3138,7293.4389,161.2181,173078.9769,1896.9908,7454.6569,174975.9678
3139,7313.6431,147.6028,173150.8253,1743.3022,7461.2458,174894.1275
3140,7309.3742,153.9533,173091.2333,1810.2261,7463.3275,174901.4594
3141,7277.1681,159.4722,172866.84,1853.8783,7436.6403,174720.7183
3142,7280.3333,167.4667,173090.8856,1958.2944,7447.8,175049.18
3143,7270.7567,187.4903,173398.5056,2203.17,7458.2469,175601.6756
3144,7259.9542,206.9689,173840.7864,2412.5817,7466.9231,176253.3681
3145,7244.6094,218.3714,173825.5194,2548.0339,7462.9808,176373.5533
3146,7210.5509,217.61,173274.8261,2542.1867,7428.1609,175817.0128
3147,7170.6436,218.4061,172664.3281,2544.8078,7389.0497,175209.1358
3148,7127.6117,224.0864,172222.7481,2612.9003,7351.6981,174835.6483
3149,7095.4164,214.5811,171713.9436,2504.3975,7309.9975,174218.3411
3150,7079.8925,190.5661,171384.2422,2215.9042,7270.4586,173600.1464
3151,7074.9608,180.115,171031.5944,2124.0344,7255.0758,173155.6289
3152,7058.3031,184.8333,170581.7711,2180.535,7243.1364,172762.3061
3153,7073.3172,194.3625,170871.3003,2292.9356,7267.6797,173164.2358
3154,7121.2986,173.1372,171368.9869,2026.8731,7294.4358,173395.86
3155,7251.6536,138.6736,172948.8894,1587.8681,7390.3272,174536.7575
3156,7269.4508,129.4792,173226.3508,1481.4428,7398.93,174707.7936
3157,7235.0867,119.0167,172820.5289,1323.5489,7354.1033,174144.0778
3158,7226.6342,118.0106,172832.0431,1325.3361,7344.6447,174157.3792
3159,7288.2275,111.3911,174541.7394,1250.8183,7399.6186,175792.5577
3160,7307.7857,113.2292,174602.6603,1277.0725,7421.0149,175879.7328
3161,7296.0939,127.7306,174062.364,1443.5511,7423.8244,175505.9151
3162,7254.82,107.0139,173101.48,1188.6833,7361.8339,174290.1633
3163,7229.5564,105.2406,172607.2969,1176.3453,7334.7969,173783.6422
3164,7254.7795,110.8114,173020.8551,1237.1783,7365.5909,174258.0334
3165,7274.6067,116.9267,173299.9261,1273.0458,7391.5333,174572.9719
3166,7222.9106,119.9511,172557.6842,1315.565,7342.8617,173873.2492
3167,7147.4422,134.155,171547.4439,1513.0411,7281.5972,173060.485
3168,7161.3098,105.4558,171746.0911,1118.4836,7266.7656,172864.5747
3169,7167.8547,126.1878,171860.8061,1313.9578,7294.0425,173174.7639
3170,7157.0375,122.0442,171771.8083,1263.3542,7279.0817,173035.1625
3171,7105.2247,110.6389,171388.7167,1123.6667,7215.8636,172512.3833
3172,7049.9802,106.3156,170739.185,1071.7867,7156.2957,171810.9717
3173,7009.5272,112.0,170225.8422,1140.0,7121.5272,171365.8422
3174,7008.3806,108.5869,170126.8956,1099.0433,7116.9675,171225.9389
3175,7011.2186,102.0003,170219.4933,1020.1133,7113.2189,171239.6067
3176,7017.5819,101.7292,170271.4233,1016.75,7119.3111,171288.1733
3177,7010.2567,101.7631,170057.6456,1027.9347,7112.0197,171085.5803
3178,7044.6592,110.3897,170488.9394,1154.3017,7155.0489,171643.2411
3179,7122.1472,92.7378,171698.31,917.6419,7214.885,172615.9519
3180,7131.0186,77.5978,171831.5364,690.445,7208.6164,172521.9814
3181,7128.8361,89.6617,171920.2108,814.3933,7218.4978,172734.6042
3182,7161.5725,102.255,172614.8119,980.5961,7263.8275,173595.4081
3183,7182.9489,102.6417,172909.5283,991.5347,7285.5906,173901.0631
3184,7210.0179,121.215,173195.2919,1251.8478,7331.2329,174447.1397
3185,7203.613,128.9139,172931.0439,1320.3028,7332.5269,174251.3467
3186,7222.2214,146.6831,172999.0519,1398.3436,7368.9044,174397.3956
3187,7217.8369,118.7411,172908.9969,1237.7808,7336.578,174146.7778
3188,7272.4817,108.7053,173963.0469,1117.2339,7381.187,175080.2808
3189,7331.0589,111.2189,175015.8286,1156.4306,7442.2778,176172.2592
3190,7328.9777,113.1861,174597.6972,1201.1303,7442.1638,175798.8275
3191,7251.2214,126.6672,173686.5909,1349.1378,7377.8886,175035.7287
3192,7252.525,119.3122,174281.0733,1243.8669,7371.8372,175524.9403
3193,7287.4122,117.1481,175114.0569,1215.2678,7404.5603,176329.3247
3194,7275.2403,121.4175,174900.1911,1268.01,7396.6578,176168.2011
3195,7257.5038,129.6892,174665.8542,1369.3375,7387.1929,176035.1917
3196,7210.3386,122.7964,174384.1633,1285.7542,7333.135,175669.9175
3197,7168.9181,116.8417,173902.4033,1208.7111,7285.7597,175111.1144
3198,7175.0411,113.6725,174120.8644,1166.8167,7288.7136,175287.6811
3199,7164.0804,112.9981,174143.4097,1153.8256,7277.0785,175297.2353
3200,7166.2372,117.6164,174180.6594,1213.8789,7283.8536,175394.5383
3201,7177.9742,109.7794,174287.7428,1109.6867,7287.7536,175397.4294
3202,7218.7372,85.8528,174893.7481,795.2567,7304.59,175689.0047
3203,7230.2753,74.5781,175285.0247,652.1044,7304.8533,175937.1292
3204,7305.1282,89.8125,176550.5261,855.5531,7394.9407,177406.0792
3205,7325.975,90.3078,176994.9219,849.3811,7416.2828,177844.3031
3206,7363.6266,94.6083,177523.5239,904.0511,7458.235,178427.575
3207,7328.1989,88.1547,176879.5889,833.8117,7416.3536,177713.4006
3208,7347.6996,96.6903,177244.5555,1007.3786,7444.3899,178251.9341
3209,7374.4322,125.3789,177582.6276,1353.8031,7499.8111,178936.4307
3210,7398.8444,140.6847,177589.5725,1514.8606,7539.5291,179104.4331
3211,7383.6114,126.2944,177562.9494,1277.8689,7509.9059,178840.8183
3212,7358.7563,130.4581,177183.0308,1351.6506,7489.2143,178534.6814
3213,7323.8705,111.265,176754.9622,1062.71,7435.1355,177817.6722
3214,7354.9617,106.0,176926.4924,989.0,7460.9617,177915.4924
3215,7370.9194,111.4236,177117.0661,1064.9306,7482.3431,178181.9967
3216,7389.1169,113.1513,177409.5347,1116.4597,7502.2682,178525.9944
3217,7376.6411,126.3797,176920.6572,1367.5986,7503.0208,178288.2558
3218,7358.0028,124.9251,176596.8733,1272.6944,7482.9279,177869.5678
3219,7290.6647,125.2276,175688.3524,1224.8944,7415.8924,176913.2468
3220,7279.0217,113.1778,175572.5974,1063.1333,7392.1994,176635.7308
3221,7266.3372,119.2122,175386.3856,1131.9711,7385.5494,176518.3567
3222,7235.7914,116.7911,175043.58,1098.1533,7352.5825,176141.7333
3223,7217.3953,105.8003,174750.8177,1001.2539,7323.1956,175752.0716
3224,7209.7183,96.8742,174604.0889,946.2456,7306.5925,175550.3344
3225,7205.7372,101.7194,174579.5797,975.7067,7307.4567,175555.2864
3226,7186.5231,101.8222,174270.4172,971.7067,7288.3453,175242.1239
3227,7189.2514,99.1871,174475.3111,957.5628,7288.4385,175432.8739
3228,7141.0636,110.6297,173707.8322,1102.8197,7251.6933,174810.6519
3229,7131.9175,117.6083,173661.4206,1177.5097,7249.5258,174838.9303
3230,7139.8872,99.02,173776.3386,978.0956,7238.9072,174754.4341
3231,7150.3558,117.0869,173979.7564,1196.2806,7267.4428,175176.037
3232,7123.8578,118.2478,173443.4728,1218.6572,7242.1056,174662.13
3233,7134.2953,104.285,173746.9306,1014.5778,7238.5803,174761.5083
3234,7109.7856,109.8394,173122.1767,1081.1742,7219.625,174203.3508
3235,7105.0667,113.9697,173001.4653,1154.3356,7219.0364,174155.8008
3236,7078.1136,102.5067,172590.7161,1021.0111,7180.6203,173611.7272
3237,7101.1244,95.6489,172926.4422,932.2289,7196.7733,173858.6711
3238,7139.3628,92.1747,173461.6767,868.2336,7231.5375,174329.9103
3239,7127.6397,96.4528,173443.2994,912.8622,7224.0925,174356.1617
3240,7122.0069,96.0508,172869.9967,931.7553,7218.0578,173801.7519
3241,7100.4956,107.1864,172668.2367,1029.9006,7207.6819,173698.1372
3242,7093.0461,117.8597,172531.5189,1173.0122,7210.9058,173704.5311
3243,7046.7289,109.1767,171953.4511,1026.0933,7155.9056,172979.5444
3244,7015.6061,107.5,171768.5622,1010.0,7123.1061,172778.5622
3245,7001.5997,104.6367,171491.6439,969.9133,7106.2364,172461.5572
3246,6996.2256,103.4956,171477.6789,967.8044,7099.7211,172445.4833
3247,7007.4903,100.3192,171403.6722,1002.5356,7107.8094,172406.2078
3248,7019.5111,86.7417,171487.9011,847.9311,7106.2528,172335.8322
3249,6999.4275,94.0469,171288.0828,933.6228,7093.4744,172221.7056
3250,7004.0133,86.7906,171497.7851,840.9464,7090.8039,172338.7315
3251,6997.6792,78.3717,171351.0653,704.4725,7076.0508,172055.5378
3252,6966.1669,71.7453,170780.6656,630.5575,7037.9122,171411.2231
3253,6971.2561,80.8861,171028.1134,745.7144,7052.1422,171773.8279
3254,6949.9642,77.4239,170671.5126,647.4933,7027.3881,171319.0059
3255,6942.835,85.4889,170478.2157,733.8839,7028.3239,171212.0996
3256,6928.1728,77.1497,170151.4931,622.1044,7005.3225,170773.5976
3257,6912.4936,80.3269,169923.1189,669.3275,6992.8206,170592.4464
3258,6893.8767,71.2508,169607.8044,557.4647,6965.1275,170165.2692
3259,6892.8353,76.2003,169604.4172,681.0939,6969.0356,170285.5111
3260,6889.2208,77.1264,169302.8851,681.2439,6966.3472,169984.1289
3261,6869.2419,79.8617,168567.166,717.5067,6949.1036,169284.6727
3262,6877.1297,76.6492,168645.5951,668.8033,6953.7789,169314.3984
3263,6895.1069,90.3794,168584.5775,790.5281,6985.4864,169375.1056
3264,6905.0267,88.4606,168610.402,746.1914,6993.4872,169356.5934
3265,6926.6133,93.1706,168831.5744,814.0128,7019.7839,169645.5872
3266,6947.6881,95.6978,169404.8048,828.4633,7043.3858,170233.2682
3267,6913.6411,104.7844,169024.7692,908.9267,7018.4256,169933.6958
3268,6893.6833,108.2436,168606.8169,931.6178,7001.9269,169538.4347
3269,6866.5894,105.6811,168129.7299,924.7822,6972.2706,169054.5122
3270,6861.2761,105.2017,168077.8322,914.7533,6966.4778,168992.5855
3271,6877.5844,98.4183,168212.7521,900.485,6976.0028,169113.2371
3272,6896.4217,94.5075,168218.6299,872.06,6990.9292,169090.6899
3273,6900.9578,88.5428,168369.4787,802.13,6989.5006,169171.6087
3274,6934.9256,79.9325,168947.3526,687.2306,7014.8581,169634.5831
3275,6990.0083,85.8472,169134.9304,736.2144,7075.8556,169871.1448
3276,6998.855,71.8636,168607.854,598.9022,7070.7186,169206.7562
3277,7009.1389,65.5797,169652.1814,546.3133,7074.7186,170198.4947
3278,6973.545,92.7958,168754.8384,918.2028,7066.3408,169673.0412
3279,7005.5024,100.3142,168891.1497,1015.8633,7105.8166,169907.013
3280,6987.9329,97.3622,168600.3537,979.7994,7085.2951,169580.1531
3281,6985.5476,92.5086,169036.1968,908.5317,7078.0562,169944.7284
3282,7018.8484,92.9456,169849.7213,902.9489,7111.7939,170752.6702
3283,7031.3797,91.7786,170034.6643,892.1189,7123.1583,170926.7832
3284,7064.7647,100.7181,170626.1583,1001.4606,7165.4828,171627.6189
3285,7066.0481,85.5319,170295.1269,841.8739,7151.58,171137.0008
3286,6997.0583,91.2064,168979.8989,930.4644,7088.2647,169910.3634
3287,6979.6917,104.4606,168736.0311,1059.3711,7084.1522,169795.4022
3288,6376.4428,66.4814,162832.3506,728.2739,6442.9242,163560.6244
3289,6401.4475,52.4957,163443.6175,544.8344,6453.9432,163988.4519
3290,6424.1903,44.3306,163793.0978,436.7336,6468.5208,164229.8314
3291,6421.9178,44.9053,163551.9722,419.1578,6466.8231,163971.13
3292,6430.7383,51.7242,163678.2378,431.8333,6482.4625,164110.0711
3293,6439.8119,57.9022,163880.9456,486.2911,6497.7142,164367.2367
3294,6454.3967,63.5911,163995.2756,648.8,6517.9878,164644.0756
3295,6472.2831,59.055,164083.3311,639.6489,6531.3381,164722.98
3296,6470.1572,45.4203,164031.2878,464.9489,6515.5775,164496.2367
3297,6492.1633,43.7411,164164.4483,449.3756,6535.9044,164613.8239
3298,6604.8575,61.6511,165604.0865,700.8272,6666.5086,166304.9137
3299,6720.4796,77.0283,166931.1674,859.0408,6797.5079,167790.2082
3300,6756.7672,102.3781,167347.5578,1120.3844,6859.1453,168467.9423
3301,6842.415,88.0044,168090.4158,902.5211,6930.4194,168992.9369
3302,6914.6551,94.9156,169133.8894,995.3967,7009.5706,170129.2861
3303,6961.0201,85.2328,169953.0138,855.8778,7046.2529,170808.8916
3304,6993.3736,117.8711,170208.5928,1322.0028,7111.2447,171530.5956
3305,7079.7322,115.3922,171070.9061,1301.5311,7195.1244,172372.4372
3306,7084.6367,121.1942,171436.6081,1377.7183,7205.8308,172814.3264
3307,7094.339,112.5828,171577.6329,1245.585,7206.9218,172823.2179
3308,7116.9498,106.8675,171803.4245,1202.0028,7223.8173,173005.4273
3309,7081.7004,87.3667,170950.2175,969.8011,7169.0671,171920.0186
3310,7065.8496,102.2478,170945.0394,1176.6689,7168.0974,172121.7083
3311,7061.7198,113.8907,170838.0399,1332.18,7175.6105,172170.2199
3312,6591.0942,60.7097,161874.1389,624.9961,6651.8039,162499.135
3313,6572.8467,57.3419,161766.1553,572.8508,6630.1886,162339.0061
3314,6580.3895,65.1711,162437.9122,671.8756,6645.5606,163109.7878
3315,6604.0994,71.4622,162901.05,751.5467,6675.5616,163652.5967
3316,6599.1614,58.6878,162857.3,585.6289,6657.8492,163442.9289
3317,6586.3222,56.0706,162616.4556,550.7778,6642.3928,163167.2333
3318,6589.7628,60.87,162742.7978,618.18,6650.6328,163360.9778
3319,6593.0961,57.5447,162835.77,571.6261,6650.6408,163407.3961
3320,6585.2008,50.7086,162691.0767,475.9206,6635.9094,163166.9972
3321,6614.3535,58.8936,163076.6391,590.4567,6673.2471,163667.0958
3322,6720.0292,80.0569,164718.5956,888.6217,6800.0861,165607.2172
3323,6734.4117,88.2739,164797.7069,999.2367,6822.6856,165796.9436
3324,6757.0206,92.0497,165074.4253,1066.0533,6849.0703,166140.4786
3325,6768.8356,93.6044,165363.0178,1100.1017,6862.44,166463.1195
3326,6849.1047,101.5242,166284.0837,1184.0667,6950.6288,167468.1503
3327,6898.8942,98.2336,167296.2977,1108.3622,6997.1278,168404.6599
3328,6958.2517,83.8828,168116.0167,899.1864,7042.1344,169015.2031
3329,7001.8014,91.2617,169476.4517,946.2783,7093.0631,170422.73
3330,6979.0397,108.2833,169311.3033,1145.2222,7087.3231,170456.5256
3331,6974.6319,118.6361,169208.2248,1292.9256,7093.2681,170501.1504
3332,7005.4931,126.9986,170158.7567,1368.5589,7132.4917,171527.3156
3333,7020.2003,146.0911,170528.5244,1579.63,7166.2914,172108.1544
3334,7027.0086,142.9021,170435.8572,1592.83,7169.9107,172028.6872
3335,7033.0484,145.5317,170075.9316,1585.9325,7178.5801,171661.8641
3336,6604.6097,76.6208,162555.7628,668.8133,6681.2306,163224.5761
3337,6606.7583,78.3992,162919.1872,695.0267,6685.1575,163614.2139
3338,6556.2844,75.1206,162345.4114,671.6878,6631.405,163017.0992
3339,6577.7758,87.8369,162680.9878,843.5389,6665.6128,163524.5267
3340,6563.1917,86.5561,162518.4944,810.7856,6649.7478,163329.28
3341,6566.9547,86.3772,162535.2544,818.3944,6653.3319,163353.6489
3342,6574.3475,97.4644,162668.0583,973.5733,6671.8119,163641.6317
3343,6592.4006,90.0714,162939.9944,875.9994,6682.4719,163815.9939
3344,6616.4411,77.1622,163482.4478,708.12,6693.6033,164190.5678
3345,6627.6667,66.4376,163736.4075,586.2172,6694.1043,164322.6247
3346,6739.5506,64.6728,164867.8378,574.9256,6804.2233,165442.7634
3347,6845.0678,68.18,166433.0275,616.4144,6913.2478,167049.4419
3348,6877.9197,77.3139,167546.9453,742.0394,6955.2336,168288.9847
3349,6860.1506,86.3858,167356.9061,867.9672,6946.5364,168224.8733
3350,6933.9849,100.0469,169080.9791,1025.515,7034.0319,170106.4941
3351,6990.9593,113.9906,170447.1228,1201.8633,7104.9498,171648.9861
3352,7040.1727,113.4656,171231.0705,1177.7622,7153.6383,172408.8327
3353,7045.3716,127.9069,171258.0183,1337.6747,7173.2786,172595.6931
3354,7046.7389,121.5647,171151.0908,1279.8617,7168.3037,172430.9525
3355,7067.4129,117.7067,171508.3999,1237.0283,7185.1196,172745.4283
3356,7099.4493,112.5397,172100.6478,1172.9514,7211.989,173273.5992
3357,7083.5753,118.0653,171958.5225,1230.3211,7201.6406,173188.8436
3358,7084.9431,130.8921,172084.945,1321.53,7215.8351,173406.475
3359,7093.2799,132.3429,172378.6876,1289.9325,7225.6228,173668.6201
3360,6709.1022,84.2274,165936.0717,757.3639,6793.3296,166693.4356
3361,6700.2871,90.2925,166418.0221,865.1036,6790.5796,167283.1257
3362,6665.9357,81.1925,165857.185,764.8461,6747.1282,166622.0311
3363,6662.4511,76.5772,165820.6042,699.1583,6739.0283,166519.7625
3364,6655.75,75.4117,165712.9736,680.425,6731.1617,166393.3986
3365,6660.6553,74.6325,165759.4917,665.1936,6735.2878,166424.6853
3366,6667.9728,72.9369,165913.5381,658.5939,6740.9097,166572.1319
3367,6682.6494,68.6644,165949.9896,669.3022,6751.3139,166619.2918
3368,6708.1667,68.1656,166113.7186,662.3178,6776.3322,166776.0364
3369,6719.9319,67.4403,166265.1503,652.1639,6787.3722,166917.3142
3370,6811.6267,77.785,168119.1407,774.1439,6889.4117,168893.2846
3371,6906.8805,92.3715,169531.9388,971.9156,6999.2521,170503.8544
3372,6927.2172,103.1293,170459.7375,1118.42,7030.3465,171578.1575
3373,6917.972,101.9696,170200.2128,1107.9528,7019.9416,171308.1656
3374,6969.0809,109.9204,170991.1482,1166.3228,7079.0014,172157.4709
3375,7018.6485,101.0157,172134.4132,1020.1028,7119.6642,173154.516
3376,7073.7675,105.9703,172651.5286,1109.0933,7179.7378,173760.6219
3377,7158.692,106.3197,174295.2964,1095.9206,7265.0117,175391.2169
3378,7111.0006,99.5483,173922.0958,995.7439,7210.549,174917.8397
3379,7072.048,100.2825,173171.845,1014.635,7172.3305,174186.48
3380,7083.4486,113.3031,173360.7956,1185.4978,7196.7517,174546.2933
3381,7082.9828,109.1017,173517.8353,1136.96,7192.0844,174654.7953
3382,7079.9106,109.1956,173524.8811,1090.9922,7189.1061,174615.8733
3383,7063.1627,107.9328,173221.9999,1073.5306,7171.0955,174295.5304
3384,6656.6396,73.4375,166484.1701,673.4933,6730.0771,167157.6634
3385,6661.6586,75.6442,166694.9658,704.0828,6737.3027,167399.0486
3386,6661.2192,78.2008,166927.5264,697.6497,6739.42,167625.1761
3387,6661.7101,69.1,167346.8039,633.67,6730.8101,167980.4739
3388,6669.6906,70.3911,167685.4303,655.4333,6740.0817,168340.8636
3389,6680.465,72.2422,167934.52,692.9044,6752.7072,168627.4244
3390,6689.5519,82.5044,168199.9,824.9622,6772.0564,169024.8622
3391,6687.2344,64.4275,168229.2411,587.935,6751.6619,168817.1761
3392,6677.8892,67.44,168021.975,602.055,6745.3292,168624.03
3393,6716.4326,81.8289,168587.1011,707.7167,6798.2615,169294.8178
3394,6746.1608,85.7397,169134.9243,761.7578,6831.9006,169896.6821
3395,6786.5272,82.3631,169659.9879,706.5661,6868.8903,170366.5541
3396,6790.1315,81.2583,169925.0394,675.6989,6871.3898,170600.7383
3397,6838.7308,94.935,171360.9782,831.4078,6933.6658,172192.3859
3398,6846.6512,97.6639,171564.6953,806.9644,6944.3151,172371.6597
3399,6809.7372,95.0881,171077.9622,739.2328,6904.8253,171817.195
3400,6813.5544,90.4644,171136.2521,676.0911,6904.0189,171812.3432
3401,6816.4672,99.8303,171189.8597,746.6967,6916.2975,171936.5564
3402,6806.3789,96.7794,170854.94,680.3589,6903.1583,171535.2989
3403,6812.8425,97.94,170714.04,687.81,6910.7825,171401.85
3404,6814.395,98.2744,170625.54,698.6622,6912.6694,171324.2022
3405,6822.1786,103.45,170745.6239,758.3,6925.6286,171503.9239
3406,6818.8242,105.3181,170863.2597,785.2761,6924.1422,171648.5358
3407,6802.2157,109.9,170760.6169,841.5183,6912.1157,171602.1353
3408,6607.3414,74.3006,167134.0733,617.7036,6681.6419,167751.7769
3409,6588.0954,68.9831,167016.7359,587.1264,6657.0785,167603.8623
3410,6555.1551,70.7992,166663.8556,624.795,6625.9543,167288.6506
3411,6562.9464,71.7461,166764.6367,639.9378,6634.6925,167404.5744
3412,6561.9685,69.1614,166784.5478,601.4208,6631.1299,167385.9686
3413,6559.6042,68.7222,166832.3678,594.1111,6628.3264,167426.4789
3414,6566.4497,74.9656,167012.5833,681.5178,6641.4153,167694.1011
3415,6563.3118,60.6119,167112.17,480.5167,6623.9238,167592.6867
3416,6561.6288,62.1281,167038.13,487.4822,6623.7568,167525.6122
3417,6566.4086,68.0,167123.4742,532.0,6634.4086,167655.4742
3418,6579.9206,68.0,167340.0667,532.0,6647.9206,167872.0667
3419,6638.7725,66.7875,168381.4686,512.6,6705.56,168894.0686
3420,6704.8871,68.2706,169775.9389,533.3272,6773.1576,170309.2661
3421,6692.9955,78.2756,169673.9061,664.8772,6771.2711,170338.7833
3422,6688.2983,75.9675,169578.68,622.4467,6764.2658,170201.1267
3423,6668.8761,83.8125,169307.2961,723.9083,6752.6886,170031.2044
3424,6695.8233,93.1983,169609.425,843.72,6789.0217,170453.145
3425,6678.2894,95.82,169314.7088,895.3217,6774.1094,170210.0305
3426,6689.5342,93.0783,169509.0127,860.4728,6782.6125,170369.4854
3427,6686.9842,89.5494,169579.9556,812.2706,6776.5336,170392.2261
3428,6692.8925,80.0775,169440.6938,690.0567,6772.97,170130.7504
3429,6689.3864,84.2436,169327.1303,747.4106,6773.63,170074.5408
3430,6673.0535,76.4647,169039.2842,634.8589,6749.5182,169674.1431
3431,6696.2842,77.3361,169306.6091,642.0675,6773.6203,169948.6766
3432,6343.7906,62.8283,164049.1864,566.3031,6406.6189,164615.4894
3433,6338.2662,64.2444,164325.6939,570.1172,6402.5107,164895.8111
3434,6338.8442,70.5556,164438.3967,620.6667,6409.3998,165059.0633
3435,6347.6924,71.0,164570.7322,624.0,6418.6924,165194.7322
3436,6348.1031,70.8567,164496.3411,621.9933,6418.9597,165118.3344
3437,6354.1447,71.5511,164497.5556,627.9022,6425.6958,165125.4578
3438,6363.5853,84.0217,164654.7022,788.7867,6447.6069,165443.4889
3439,6370.9781,68.6625,164778.8633,572.25,6439.6406,165351.1133
3440,6373.863,68.8819,164807.2122,568.2756,6442.7449,165375.4878
3441,6414.8099,71.3231,165378.9618,605.64,6486.1329,165984.6018
3442,6525.456,85.1583,166909.4543,766.0278,6610.6143,167675.4821
3443,6639.4838,99.0383,168892.8865,927.3044,6738.5221,169820.1909
3444,6658.6618,107.7194,169503.7168,1033.4622,6766.3812,170537.1791
3445,6660.414,114.0664,169734.388,1114.2128,6774.4804,170848.6008
3446,6687.2187,104.6053,169948.3174,1017.9272,6791.824,170966.2447
3447,6701.3624,110.2089,170515.0928,1089.4339,6811.5713,171604.5267
3448,6658.1143,112.3964,170963.7936,1146.9861,6770.5107,172110.7797
3449,6574.5194,102.4406,170215.4053,1031.0439,6676.96,171246.4492
3450,6521.3925,123.0678,169588.9878,1310.0428,6644.4603,170899.0306
3451,6473.1131,125.505,169397.2639,1307.9767,6598.6181,170705.2406
3452,6476.1203,99.9503,169431.2672,1028.1722,6576.0706,170459.4394
3453,6516.8464,96.5647,170151.9453,939.9372,6613.4112,171091.8825
3454,6488.6047,98.4094,169567.1094,929.2322,6587.0142,170496.3417
3455,6444.4699,101.0494,169195.3303,981.6589,6545.5193,170176.9892
3456,5970.4672,50.3972,162630.7314,470.3528,6020.8644,163101.0842
3457,5911.2915,63.8947,161659.6014,622.6211,5975.1863,162282.2225
3458,5864.2397,69.7508,161133.5808,695.665,5933.9906,161829.2458
3459,5859.0056,72.3761,161194.2314,720.6417,5931.3817,161914.8731
3460,5855.3267,71.8989,161280.2061,713.5844,5927.2256,161993.7906
3461,5879.2981,68.6156,161608.9728,665.6556,5947.9136,162274.6283
3462,5885.3461,75.3656,161918.7981,759.1178,5960.7117,162677.9158
3463,5897.5098,62.5281,162153.8456,579.3928,5960.0378,162733.2383
3464,5906.38,65.6289,162270.4789,599.4544,5972.0089,162869.9333
3465,5921.4196,68.7922,162530.0397,620.0789,5990.2118,163150.1186
3466,5990.3492,108.6436,163421.2011,1070.6078,6098.9928,164491.8089
3467,6100.9001,114.5739,164853.9178,1155.6767,6215.4739,166009.5944
3468,6172.7989,117.0097,165864.4019,1173.4861,6289.8086,167037.8881
3469,6164.1233,126.0742,165751.0961,1314.5372,6290.1975,167065.6333
3470,6169.5022,151.8564,165722.0683,1587.8439,6321.3586,167309.9122
3471,6319.7985,137.82,167977.2806,1448.0689,6457.6185,169425.3494
3472,6349.8764,122.7517,168721.97,1272.4422,6472.6281,169994.4122
3473,6319.5652,134.4717,168412.9464,1357.9983,6454.0368,169770.9447
3474,6368.6359,134.5708,169297.7869,1360.0089,6503.2067,170657.7958
3475,6392.6039,151.3331,169847.6475,1511.7478,6543.9369,171359.3953
3476,6456.972,170.7933,170865.1392,1764.0833,6627.7654,172629.2225
3477,6426.5042,165.9383,170649.32,1642.6078,6592.4425,172291.9278
3478,6436.5121,159.0425,170876.3639,1462.585,6595.5546,172338.9489
3479,6433.7658,143.2106,170648.7819,1283.2856,6576.9763,171932.0675
3480,6002.9281,87.0158,163973.0247,607.515,6089.944,164580.5397
3481,5963.0011,95.4108,163592.8556,625.9525,6058.4119,164218.8081
3482,5945.7893,101.3119,163441.4289,661.7914,6047.1013,164103.2203
3483,5957.7849,105.8931,163647.7586,678.2422,6063.6779,164326.0008
3484,5957.8757,105.2636,163654.1697,614.0542,6063.1393,164268.2239
3485,5964.3098,119.9689,163863.1994,721.9378,6084.2787,164585.1372
3486,5975.3554,125.1047,163992.7767,747.4328,6100.4602,164740.2094
3487,5976.2192,130.8133,164082.79,779.5067,6107.0325,164862.2967
3488,5975.5561,131.9089,164097.8422,749.8311,6107.465,164847.6733
3489,5987.4081,134.4303,164225.0131,734.1039,6121.8383,164959.1169
3490,6065.7897,159.1132,165349.4836,985.7839,6224.9029,166335.2675
3491,6146.3046,216.9936,166391.6197,1707.435,6363.2983,168099.0547
3492,6209.1281,213.46,167099.32,1628.9211,6422.5881,168728.2411
3493,6232.0606,209.5697,167480.9717,1534.6006,6441.6303,169015.5722
3494,6303.4416,229.2278,168592.4211,1716.9489,6532.6694,170309.37
3495,6406.266,228.29,170051.1244,1650.9528,6634.556,171702.0772
3496,6474.4953,243.4964,171367.8242,1846.0806,6717.9917,173213.9047
3497,6464.056,252.6194,170983.2291,1947.2528,6716.6755,172930.4819
3498,6447.6039,276.8986,170853.115,2177.4272,6724.5025,173030.5422
3499,6479.9178,275.1692,171411.998,2097.115,6755.0869,173509.113
3500,6426.8733,281.2578,170603.9066,2138.4817,6708.1311,172742.3883
3501,6439.8804,283.5411,170614.6844,2100.97,6723.4215,172715.6544
3502,6479.6256,251.6725,171295.1189,1632.5617,6731.2981,172927.6806
3503,6482.0505,249.4804,171382.2992,1572.7617,6731.5309,172955.0608
3504,6134.5276,201.8924,166148.7663,1056.5378,6336.4199,167205.3041
3505,6074.9493,210.5267,165328.2131,1114.6533,6285.476,166442.8664
3506,6074.0217,224.7347,165450.5212,1211.2356,6298.7564,166661.7568
3507,6100.1864,235.7311,165841.3058,1270.9889,6335.9175,167112.2947
3508,6107.251,230.2369,165946.7908,1215.2631,6337.4879,167162.0539
3509,6135.9761,225.2908,166264.5353,1112.4353,6361.2669,167376.9706
3510,6132.0474,235.0103,166151.3742,1204.32,6367.0576,167355.6942
3511,6131.4889,230.09,166131.7377,1084.9589,6361.5789,167216.6966
3512,6113.1553,229.0125,165829.6233,1068.175,6342.1678,166897.7983
3513,6095.3394,228.9506,165584.1775,1067.3078,6324.29,166651.4853
3514,6159.7339,261.3929,166485.0863,1459.1606,6421.1268,167944.2469
3515,6305.1999,280.5961,168360.4108,1604.9239,6585.796,169965.3347
3516,6368.3449,275.0317,169305.0867,1536.2311,6643.3766,170841.3178
3517,6388.3361,282.9972,169532.1166,1644.6822,6671.3333,171176.7988
3518,6433.6922,292.0279,171001.5742,1807.3928,6725.7201,172808.9669
3519,6496.9726,296.6064,172655.5911,1951.0369,6793.5789,174606.6281
3520,6552.494,300.96,173363.7764,1923.4394,6853.454,175287.2158
3521,6611.3309,316.7431,174275.4734,2069.7383,6928.0739,176345.2117
3522,6669.9539,301.7942,175477.1522,1910.905,6971.7481,177388.0572
3523,6678.9358,283.4708,175581.6669,1671.0811,6962.4066,177252.7481
3524,6688.691,262.3065,175711.2636,1414.185,6950.9975,177125.4486
3525,6699.9906,268.3472,175771.8161,1488.1711,6968.3378,177259.9872
3526,6675.4826,255.4086,175334.515,1398.7539,6930.8912,176733.2689
3527,6585.0544,262.854,173792.1838,1448.7039,6847.9085,175240.8877
3528,5948.7853,209.71,163858.0981,854.3122,6158.4953,164712.4103
3529,5954.0336,214.1883,163987.6922,924.4294,6168.2219,164912.1217
3530,5941.8057,204.1889,163865.3762,788.5756,6145.9946,164653.9518
3531,5950.3169,210.3394,164032.7456,835.825,6160.6564,164868.5706
3532,5952.1206,206.0347,164061.7369,777.8042,6158.1553,164839.5411
3533,5959.7669,217.8303,164248.2467,939.4986,6177.5972,165187.7453
3534,5962.3739,224.1083,164259.7011,1020.8211,6186.4822,165280.5222
3535,5981.7317,223.4958,164556.8389,1009.8464,6205.2275,165566.6853
3536,5981.4419,219.2489,164588.6944,942.9867,6200.6908,165531.6811
3537,5990.8683,219.9131,164688.9692,942.7828,6210.7814,165631.7519
3538,6102.0028,217.0856,166235.8204,923.6733,6319.0883,167159.4937
3539,6248.759,236.1686,168137.5542,1246.8156,6484.9276,169384.3697
3540,6321.7381,242.1303,169265.3567,1339.3783,6563.8683,170604.735
3541,6340.1711,229.9411,169619.9728,1201.5067,6570.1123,170821.4794
3542,6393.2084,230.3681,170293.8017,1192.1833,6623.5765,171485.985
3543,6515.0756,265.9383,172181.1836,1627.0906,6781.014,173808.2742
3544,6585.8761,249.2143,173046.3453,1446.0772,6835.0904,174492.4225
3545,6617.5869,271.611,173423.655,1659.5733,6889.1979,175083.2283
3546,6679.6615,309.6647,174265.47,2082.2167,6989.3263,176347.6867
3547,6694.2472,308.3831,174362.7842,2066.2794,7002.6303,176429.0636
3548,6656.8272,270.995,174096.8106,1657.5111,6927.8222,175754.3217
3549,6612.501,281.2097,173470.6171,1765.4886,6893.7107,175236.1057
3550,6591.4945,277.5947,173230.0725,1647.3639,6869.0892,174877.4364
3551,6574.8903,276.4393,172972.1272,1609.2592,6851.3296,174581.3864
3552,6304.8209,213.75,168315.107,853.2267,6518.5709,169168.3337
3553,6314.3407,221.955,168581.0217,984.0978,6536.2957,169565.1194
3554,6283.7984,257.3369,168138.2256,1432.4833,6541.1354,169570.7089
3555,6285.7883,247.4844,168232.714,1307.9667,6533.2727,169540.6807
3556,6290.4171,253.0,168227.5022,1382.0,6543.4171,169609.5022
3557,6280.2411,249.65,168124.0361,1335.1,6529.8911,169459.1361
3558,6275.6294,236.6006,168028.3011,1153.0244,6512.23,169181.3256
3559,6270.9964,237.2558,167920.8467,1165.4611,6508.2522,169086.3078
3560,6265.2825,251.8311,167860.5267,1369.6356,6517.1136,169230.1622
3561,6273.4108,259.5592,168000.7233,1479.6,6532.97,169480.3233
3562,6296.2442,254.4878,168406.9633,1412.0183,6550.7319,169818.9817
3563,6361.721,260.9447,169715.4629,1496.7328,6622.6657,171212.1957
3564,6358.8014,217.9611,169595.7868,954.1711,6576.7625,170549.9579
3565,6360.4325,214.9914,169445.3968,912.0383,6575.4239,170357.4351
3566,6408.9724,226.7714,170258.6836,985.9439,6635.7438,171244.6275
3567,6421.4286,247.3483,170357.1328,1213.5889,6668.7769,171570.7217
3568,6452.2103,238.5547,170931.9427,1083.9294,6690.765,172015.8722
3569,6471.0661,218.9061,171281.2378,921.0022,6689.9722,172202.24
3570,6442.8928,244.7133,170851.4133,1276.4117,6687.6061,172127.825
3571,6419.1731,251.5653,170494.8378,1372.1094,6670.7383,171866.9472
3572,6437.1769,233.9536,170754.3117,1127.8583,6671.1306,171882.17
3573,6415.565,232.0,170413.1044,1102.0,6647.565,171515.1044
3574,6370.2739,225.7328,169808.5906,1014.1533,6596.0067,170822.7439
3575,6327.6334,238.1011,169203.9367,1189.7933,6565.7346,170393.73
3576,6162.9178,219.7953,166296.0425,1038.1064,6382.7131,167334.1489
3577,6165.7853,212.5861,166404.1936,934.5828,6378.3714,167338.7764
3578,6159.9887,213.2617,166379.5222,906.2417,6373.2504,167285.7639
3579,6159.9708,228.0064,166356.0203,1049.0517,6387.9772,167405.072
3580,6156.8936,237.0,166247.0333,1179.0,6393.8936,167426.0333
3581,6159.5178,237.0,166264.8367,1179.0,6396.5178,167443.8367
3582,6165.4228,242.5264,166223.3578,1231.81,6407.9492,167455.1678
3583,6168.5519,242.0125,166248.8689,1210.9586,6410.5644,167459.8275
3584,6161.9706,253.0447,166259.5738,1361.5978,6415.0153,167621.1716
3585,6171.0747,240.1742,166475.8,1230.9667,6411.2489,167706.7667
3586,6179.6264,246.5633,166640.8989,1274.8078,6426.1897,167915.7067
3587,6230.4697,254.6606,167485.285,1378.4094,6485.1303,168863.6944
3588,6254.9822,257.3883,167830.2608,1406.4367,6512.3706,169236.6974
3589,6270.0836,247.6821,168101.0075,1268.7667,6517.7657,169369.7742
3590,6262.2167,255.1675,167975.4633,1375.3156,6517.3842,169350.7789
3591,6258.4675,258.6138,167820.5122,1418.5744,6517.0813,169239.0867
3592,6303.4982,251.4001,168600.0531,1307.8211,6554.8983,169907.8742
3593,6340.5053,251.4136,169101.3181,1316.9306,6591.9189,170418.2486
3594,6360.4688,253.404,169523.5189,1394.4711,6613.8728,170917.99
3595,6377.5572,236.4333,169739.1294,1206.4533,6613.9906,170945.5828
3596,6368.6632,242.9579,169744.05,1267.6311,6611.6211,171011.6811
3597,6372.2963,257.5872,169929.7047,1410.6767,6629.8835,171340.3814
3598,6368.1162,248.0388,169983.5172,1301.3442,6616.1549,171284.8614
3599,6350.3224,280.9208,169875.0627,1809.9694,6631.2433,171685.0322
3600,6126.0861,258.7661,165017.4156,1542.2739,6384.8522,166559.6894
3601,6130.7921,248.5975,165207.3942,1381.7872,6379.3896,166589.1814
3602,6126.505,235.9178,165205.7453,1207.69,6362.4228,166413.4353
3603,6135.5253,240.0,165394.0586,1223.0,6375.5253,166617.0586
3604,6130.3556,234.9356,165329.1578,1114.1667,6365.2911,166443.3244
3605,6126.295,236.4786,165215.7506,1120.8125,6362.7736,166336.5631
3606,6123.6983,235.384,165127.5531,1102.3722,6359.0824,166229.9253
3607,6125.0839,229.9436,165080.6956,1019.0978,6355.0275,166099.7933
3608,6123.6931,230.0,165058.4572,1020.0,6353.6931,166078.4572
3609,6121.78,223.8942,165040.0867,944.5981,6345.6742,165984.6848
3610,6233.7211,233.4953,166896.4722,1068.8653,6467.2163,167965.3375
3611,6324.8933,243.5192,168737.2054,1215.9881,6568.4125,169953.1934
3612,6352.1241,257.9324,169478.8434,1408.6208,6610.0564,170887.4642
3613,6370.3394,269.3351,169843.0856,1557.0381,6639.6745,171400.1236
3614,6429.7357,255.6169,170802.3531,1431.3447,6685.3527,172233.6978
3615,6500.2732,268.2061,171485.3733,1668.2217,6768.4793,173153.595
3616,6584.4193,263.5603,172512.2844,1527.325,6847.9796,174039.6094
3617,6642.078,254.7803,173191.9078,1355.1794,6896.8583,174547.0872
3618,6654.5696,257.6558,173355.8075,1426.1156,6912.2254,174781.9231
3619,6647.7206,248.4151,173260.2194,1305.6111,6896.1357,174565.8306
3620,6634.7076,242.4343,173089.4972,1193.6361,6877.1419,174283.1333
3621,6631.675,246.2264,173047.7089,1258.6872,6877.9014,174306.3961
3622,6579.4039,241.7083,172253.625,1177.0333,6821.1122,173430.6583
3623,6581.4641,232.2133,172380.6018,1035.0178,6813.6775,173415.6196
3624,6197.3793,223.9625,166484.8353,867.1744,6421.3418,167352.0097
3625,6192.136,217.9211,166449.3867,839.3244,6410.0571,167288.7111
3626,6182.9219,220.9944,166472.0433,887.2089,6403.9163,167359.2522
3627,6179.0925,224.8075,166470.5756,902.4283,6403.9,167373.0039
3628,6187.6771,232.5383,166596.3072,975.6222,6420.2154,167571.9294
3629,6197.8932,232.7822,166668.3683,985.555,6430.6754,167653.9233
3630,6193.4747,231.6314,166752.4944,983.5169,6425.1061,167736.0114
3631,6201.0021,232.0622,166933.13,971.5528,6433.0643,167904.6828
3632,6213.9472,231.5694,167024.0113,947.2111,6445.5167,167971.2224
3633,6232.505,243.5469,167244.1778,1104.495,6476.0519,168348.6728
3634,6312.0176,247.7242,168502.8548,1191.0792,6559.7418,169693.934
3635,6431.102,250.7311,170196.0108,1260.14,6681.8331,171456.1508
3636,6457.203,251.0989,170610.1933,1283.7989,6708.3019,171893.9922
3637,6466.4426,262.6219,170433.8031,1388.4594,6729.0645,171822.2625
3638,6489.5073,272.1797,170911.11,1480.5961,6761.687,172391.7061
3639,6546.0211,252.9681,171734.9981,1246.3758,6798.9891,172981.3739
3640,6600.4157,244.2269,172501.1914,1175.7381,6844.6427,173676.9294
3641,6604.2609,255.8072,172797.4981,1255.2919,6860.0681,174052.79
3642,6592.6407,264.4692,172709.5111,1366.4278,6857.1099,174075.9389
3643,6619.8813,255.3251,173039.0725,1282.5344,6875.2064,174321.6069
3644,6651.2676,251.7094,173279.96,1211.7361,6902.977,174491.6961
3645,6617.0506,245.3564,172661.0722,1168.6461,6862.407,173829.7183
3646,6571.8095,286.1529,172190.6633,1648.985,6857.9624,173839.6483
3647,6601.1542,261.9142,172550.2397,1285.7431,6863.0684,173835.9827
3648,6279.0518,239.0203,168041.3756,1043.3011,6518.0721,169084.6767
3649,6279.0878,223.5793,167984.0536,914.1856,6502.6671,168898.2392
3650,6281.7659,217.6531,168104.9333,890.7764,6499.419,168995.7097
3651,6259.4483,220.5194,167907.3422,915.1556,6479.9678,168822.4978
3652,6253.2222,220.3425,167842.1878,913.8819,6473.5647,168756.0697
3653,6252.3494,218.8211,167826.6378,897.28,6471.1706,168723.9178
3654,6246.1378,223.3025,167728.9756,906.6122,6469.4403,168635.5878
3655,6247.8147,222.9044,167753.6333,899.5461,6470.7192,168653.1794
3656,6248.4156,227.6169,167750.8422,966.4864,6476.0325,168717.3286
3657,6267.3817,229.3436,168080.7556,962.1558,6496.7253,169042.9114
3658,6320.59,243.8975,168928.6867,1163.8878,6564.4875,170092.5744
3659,6380.7162,238.7819,169747.3821,1133.2467,6619.4981,170880.6287
3660,6476.1588,234.6974,171120.0492,1097.2817,6710.8561,172217.3309
3661,6451.1304,246.9557,170834.879,1244.0661,6698.0861,172078.9451
3662,6525.2071,240.9431,171693.6619,1174.0519,6766.1502,172867.7139
3663,6566.4383,232.1508,172182.0215,1079.2922,6798.5891,173261.3137
3664,6577.9157,239.9419,172315.4013,1152.51,6817.8576,173467.9113
3665,6947.4947,253.62,176950.3436,1467.9753,7201.1147,178418.3189
3666,7263.3147,368.0903,180205.046,4217.7756,7631.405,184422.8216
3667,7528.516,403.6186,184907.8543,4773.7642,7932.1346,189681.6185
3668,7798.9591,427.3582,190750.7533,4936.4586,8226.3173,195687.2119
3669,7793.6704,423.2517,188352.9755,4744.845,8216.9221,193097.8205
3670,7419.4986,428.6125,182444.4834,4352.6042,7848.1111,186797.0876
3671,6931.3343,317.8039,175652.6771,2065.8681,7249.1381,177718.5451
3672,6366.8556,242.0561,168196.834,1197.6447,6608.9117,169394.4787
3673,6234.1187,214.7815,167480.1144,919.3958,6448.9002,168399.5103
3674,6218.2712,203.6908,167613.52,783.0514,6421.962,168396.5714
3675,6232.3785,199.2906,167808.6589,748.2589,6431.669,168556.9178
3676,6230.6294,199.0,167800.3791,741.0,6429.6294,168541.3791
3677,6241.7906,199.8319,167925.3436,733.7781,6441.6225,168659.1217
3678,6241.8083,204.7344,167938.3622,790.1422,6446.5427,168728.5044
3679,6246.6747,204.0306,168004.3144,754.7067,6450.7053,168759.0211
3680,6249.8108,203.8967,168056.4,752.7622,6453.7075,168809.1622
3681,6253.6346,205.7036,168161.1932,772.0003,6459.3382,168933.1934
3682,6383.4106,205.3458,169784.8116,829.1844,6588.7564,170613.996
3683,6456.6815,226.8425,170700.2396,1042.5375,6683.524,171742.7771
3684,6441.4883,234.0394,170714.6533,1101.6989,6675.5277,171816.3522
3685,6417.0034,228.1392,170451.1197,1042.5956,6645.1426,171493.7153
3686,6491.9607,247.2242,171562.9053,1292.1461,6739.1848,172855.0514
3687,6557.2133,257.1422,172559.5558,1323.1089,6814.3556,173882.6647
3688,6601.0565,259.0344,173091.7458,1279.7072,6860.091,174371.4531
3689,6602.8771,236.3063,173144.6875,1071.3669,6839.1833,174216.0544
3690,6610.347,236.9071,173170.9428,1096.23,6847.2541,174267.1728
3691,6633.1957,226.3942,173523.9031,975.4419,6859.5899,174499.345
3692,6666.3899,150.1317,173878.2039,901.1078,6816.5216,174779.3117
3693,6674.5726,94.7656,174101.8231,894.8,6769.3382,174996.6231
3694,6648.1198,101.1394,173761.2286,969.8072,6749.2593,174731.0358
3695,6649.4544,100.5244,174070.3739,960.6606,6749.9789,175031.0344
3696,6001.3629,59.421,162493.7064,585.9742,6060.7838,163079.6806
3697,6014.0602,49.3725,162756.3422,508.8725,6063.4327,163265.2147
3698,6049.6884,37.335,163408.1222,312.9761,6087.0234,163721.0983
3699,6072.6453,43.8796,163776.4022,364.5339,6116.5249,164140.9361
3700,6096.1592,41.9358,164143.7289,338.59,6138.095,164482.3189
3701,6093.9804,58.55,164156.6333,464.3378,6152.5304,164620.9711
3702,6098.4007,66.7075,164337.3678,559.2067,6165.1082,164896.5744
3703,6107.0543,65.2844,164587.3389,560.6222,6172.3388,165147.9611
3704,6111.4988,61.6128,164705.9224,537.4622,6173.1115,165243.3847
3705,6134.6341,71.2839,165013.2703,664.9994,6205.918,165678.2697
3706,6216.1633,93.2093,166097.7711,956.9492,6309.3726,167054.7203
3707,6356.0944,86.0485,167951.2944,843.9431,6442.1429,168795.2375
3708,6404.4826,79.3442,168577.2458,768.9592,6483.8268,169346.205
3709,6422.3365,79.9328,169031.635,729.1819,6502.2693,169760.8169
3710,6502.6756,69.3617,170079.08,566.2319,6572.0373,170645.3119
3711,6591.2243,110.7586,171747.9394,877.6794,6701.9829,172625.6189
3712,6661.1383,106.4861,172686.2303,842.0975,6767.6244,173528.3278
3713,6712.8881,107.6511,173294.2244,819.2567,6820.5392,174113.4811
3714,6718.979,114.8383,173382.7153,891.7111,6833.8174,174274.4264
3715,6688.0074,137.2389,172991.565,1172.0689,6825.2463,174163.6339
3716,6681.9342,130.0264,173059.4833,1047.5769,6811.9606,174107.0603
3717,6657.4312,116.5717,172677.3594,854.8233,6774.0028,173532.1828
3718,6651.799,96.4028,172522.0277,743.2711,6748.2018,173265.2988
3719,6612.0131,87.7308,171934.5122,756.1011,6699.7439,172690.6133
3720,6405.3109,61.4826,168641.7972,515.1522,6466.7935,169156.9494
3721,6422.5983,64.5854,169060.1642,549.2278,6487.1837,169609.3919
3722,6412.4449,69.0296,169078.4214,612.8678,6481.4745,169691.2892
3723,6407.7459,75.4969,169041.0344,685.4844,6483.2428,169726.5189
3724,6410.6137,72.9367,169054.8189,658.9572,6483.5504,169713.7761
3725,6417.7611,73.0,169148.2567,658.0,6490.7611,169806.2567
3726,6435.3148,89.8433,169413.5764,869.4678,6525.1581,170283.0442
3727,6437.8427,81.1169,169474.515,720.3008,6518.9597,170194.8158
3728,6451.6108,80.9444,169711.5778,719.0328,6532.5553,170430.6106
3729,6452.1339,78.0,169757.9017,677.0,6530.1339,170434.9017
3730,6439.2706,87.1975,169566.0414,804.9039,6526.4681,170370.9453
3731,6462.2381,100.4624,169874.5192,971.8772,6562.7005,170846.3964
3732,6485.4181,107.2831,170143.5753,1016.1844,6592.7012,171159.7597
3733,6486.4511,103.3953,170066.3167,977.0047,6589.8464,171043.3214
3734,6519.2033,90.2775,170340.9789,870.1328,6609.4808,171211.1117
3735,6543.8163,104.5867,170655.8511,1067.5092,6648.403,171723.3603
3736,6565.2122,95.905,171010.5825,932.7053,6661.1172,171943.2878
3737,6555.855,102.4639,170979.9717,991.6733,6658.3189,171971.645
3738,6540.8581,95.5653,170780.5936,912.95,6636.4234,171693.5436
3739,6544.9623,87.9022,170833.47,821.1928,6632.8645,171654.6628
3740,6554.0421,92.2625,171094.1511,880.3233,6646.3046,171974.4744
3741,6562.9501,85.0303,171237.1333,804.4411,6647.9804,172041.5744
3742,6571.5244,104.0681,171373.9732,798.435,6675.5925,172172.4082
3743,6565.9133,134.92,171315.5899,984.45,6700.8333,172300.0399
3744,6424.5152,165.8822,168458.0467,1003.5006,6590.3974,169461.5472
3745,6456.0692,178.3824,169031.0439,989.5833,6634.4516,170020.6272
3746,6506.9571,187.2519,169828.5228,957.9772,6694.209,170786.5
3747,6533.7498,206.9761,170339.5867,949.7678,6740.7259,171289.3544
3748,6535.6505,223.0589,170348.8881,964.9367,6758.7094,171313.8247
3749,6535.078,237.9956,170346.9939,956.3264,6773.0735,171303.3203
3750,6538.9745,274.9146,170514.4256,1024.2933,6813.8891,171538.7189
3751,6521.4854,302.1381,170401.5211,1127.0111,6823.6234,171528.5322
3752,6498.0642,329.8389,170057.2344,1245.5644,6827.9031,171302.7989
3753,6494.3667,364.5486,170002.3494,1366.4406,6858.9153,171368.79
3754,6495.6116,356.9872,170104.0674,1153.2111,6852.5988,171257.2786
3755,6497.2836,366.9556,170142.7562,1166.7511,6864.2392,171309.5073
3756,6489.6571,375.0406,170093.8067,1212.2578,6864.6977,171306.0644
3757,6541.6172,382.9781,170776.7278,1180.3778,6924.5953,171957.1056
3758,6533.402,406.7028,170675.6494,1265.1656,6940.1048,171940.815
3759,6553.2853,446.175,171031.1894,1413.7617,6999.4603,172444.9511
3760,6555.4871,468.9117,171090.7536,1514.7289,7024.3987,172605.4825
3761,6555.7578,487.5903,171206.4967,1528.7094,7043.3481,172735.2061
3762,6569.4494,511.6733,171458.6944,1581.9317,7081.1228,173040.6261
3763,6568.7143,530.6414,171430.9219,1658.3178,7099.3557,173089.2397
3764,6573.0098,533.8732,171316.8114,1609.275,7106.8829,172926.0864
3765,6561.884,546.7008,171088.68,1627.6144,7108.5849,172716.2944
3766,6582.2616,559.1978,171344.0922,1721.2511,7141.4594,173065.3433
3767,6588.8668,592.8629,171470.5636,1971.69,7181.7297,173442.2536
3768,6378.5694,542.0347,168115.1367,1510.9769,6920.6042,169626.1136
3769,6379.9834,538.7775,168137.6819,1485.4044,6918.7609,169623.0864
3770,6393.0745,538.93,168518.0564,1402.4733,6932.0045,169920.5297
3771,6406.3761,538.7942,168814.4733,1408.8511,6945.1703,170223.3244
3772,6411.7939,537.6042,168900.2167,1422.7133,6949.398,170322.93
3773,6411.6662,535.3911,168872.8689,1389.3689,6947.0573,170262.2378
3774,6401.534,539.4228,168985.8256,1401.9622,6940.9568,170387.7878
3775,6395.6208,536.5078,169068.4978,1358.1922,6932.1286,170426.69
3776,6380.123,533.8817,168849.1644,1355.2583,6914.0047,170204.4228
3777,6378.777,545.1878,168830.0789,1496.5211,6923.9648,170326.6
3778,6469.8014,567.4311,170131.2334,1814.9061,7037.2325,171946.1396
3779,6600.6982,559.596,172060.8947,1781.6817,7160.2942,173842.5763
3780,6625.2176,559.3547,172632.9147,1710.7289,7184.5723,174343.6436
3781,6669.0692,552.7189,173205.7067,1625.1214,7221.7881,174830.8281
3782,6693.0514,570.2508,173668.7368,1899.0672,7263.3022,175567.8041
3783,6719.5494,560.0542,173875.4928,1774.5489,7279.6036,175650.0417
3784,6742.862,546.7317,174303.2883,1609.835,7289.5937,175913.1233
3785,6762.8268,538.5704,174561.4922,1504.2683,7301.3972,176065.7606
3786,6727.4978,542.6274,174077.9781,1493.0056,7270.1251,175570.9836
3787,6711.0036,547.8683,173834.8547,1609.5061,7258.8719,175444.3608
3788,6756.1542,555.7211,174754.2722,1663.545,7311.8753,176417.8172
3789,6769.4521,572.9551,175104.6042,1706.6581,7342.4072,176811.2622
3790,6752.0186,572.9697,174821.0339,1795.9111,7324.9883,176616.945
3791,6719.6513,558.6942,174379.9525,1670.3361,7278.3455,176050.2886
3792,6317.3563,491.0579,168052.8514,1272.6939,6808.4142,169325.5453
3793,6311.5218,475.6575,167674.0417,1389.2058,6787.1793,169063.2475
3794,6307.3093,465.6186,167374.5994,1561.7256,6772.9279,168936.325
3795,6292.6154,438.9417,167084.6956,1449.3203,6731.5571,168534.0158
3796,6293.2664,408.1007,167121.4511,1319.7767,6701.3671,168441.2278
3797,6293.8607,382.5819,167128.4,1217.7956,6676.4426,168346.1956
3798,6298.0847,375.6775,167250.4044,1236.6467,6673.7622,168487.0511
3799,6307.7849,341.78,167431.6544,1064.7433,6649.5649,168496.3978
3800,6309.7426,318.6381,167481.2389,1011.9031,6628.3807,168493.1419
3801,6337.2858,308.6206,167885.6861,1144.7803,6645.9064,169030.4664
3802,6461.1951,301.0397,169584.4475,1163.6942,6762.2348,170748.1417
3803,6591.0869,281.5606,171938.8944,1111.0914,6872.6474,173049.9858
3804,6629.1057,277.1592,172678.4408,1256.6631,6906.2648,173935.1039
3805,6608.8783,217.5878,172267.0028,1130.5128,6826.4661,173397.5156
3806,6610.3649,114.4075,172289.0839,1162.8928,6724.7724,173451.9767
3807,6678.1065,105.5356,172855.8175,1061.5861,6783.642,173917.4036
3808,6745.8206,112.2003,173776.5392,1109.6433,6858.0208,174886.1825
3809,6777.1463,91.3624,174273.1489,813.9222,6868.5087,175087.0711
3810,6777.2501,95.5582,174353.4061,952.6558,6872.8083,175306.0619
3811,6796.5768,94.0883,174556.2672,905.155,6890.6652,175461.4222
3812,6853.1484,127.6881,175404.3856,1338.8036,6980.8365,176743.1892
3813,6843.1637,117.2617,175177.2703,1221.8817,6960.4253,176399.1519
3814,6806.5414,99.7275,174640.7683,996.2189,6906.2689,175636.9872
3815,6786.5658,108.5043,174170.1397,1120.6806,6895.0701,175290.8203
3816,6400.6969,46.0458,168727.1242,448.0467,6446.7428,169175.1708
3817,6414.0718,47.4497,168977.6156,448.6117,6461.5215,169426.2272
3818,6390.3987,60.3347,168649.2286,523.0089,6450.7334,169172.2375
3819,6375.7413,65.0,168467.4053,564.0,6440.7413,169031.4053
3820,6369.7504,61.9578,168372.3278,527.4933,6431.7082,168899.8211
3821,6383.2381,57.7889,168523.2278,479.0444,6441.027,169002.2722
3822,6371.7204,69.3494,168345.98,612.9378,6441.0699,168958.9178
3823,6400.2735,62.5919,168767.5789,508.1472,6462.8654,169275.7261
3824,6416.3064,62.5858,168928.8986,507.3567,6478.8922,169436.2553
3825,6418.9221,88.3753,168932.6664,780.3833,6507.2974,169713.0497
3826,6489.4556,156.4631,170055.7942,1275.92,6645.9187,171331.7142
3827,6582.3082,220.6383,171547.4994,1601.6644,6802.9466,173149.1639
3828,6620.2696,211.2128,171685.2928,1428.1214,6831.4824,173113.4142
3829,6613.5728,207.0263,171534.2231,1377.9589,6820.599,172912.1819
3830,6629.2684,214.6765,171803.3169,1478.2983,6843.945,173281.6153
3831,6696.5943,234.3333,172754.9842,1702.0183,6930.9276,174457.0025
3832,6715.3118,227.3544,173054.2197,1654.9683,6942.6662,174709.1881
3833,6724.5807,219.9939,173130.4606,1520.5944,6944.5746,174651.055
3834,6730.5948,233.8042,173367.9199,1552.4225,6964.3989,174920.3424
3835,6742.6482,239.6147,173699.9322,1551.1703,6982.2629,175251.1025
3836,6780.2393,215.9908,174056.4244,1377.2844,6996.2301,175433.7089
3837,6793.9481,218.4489,174348.6218,1404.3564,7012.3969,175752.9782
3838,6782.9561,256.0592,174257.4746,1696.4494,7039.0153,175953.9241
3839,6772.6418,240.8099,174014.6332,1507.2906,7013.4516,175521.9237
3840,6374.2514,212.3711,168031.4386,1373.5278,6586.6225,169404.9664
3841,6343.7838,209.2233,167600.5211,1278.0656,6553.0071,168878.5867
3842,6288.0169,192.4214,166786.2411,1143.9567,6480.4383,167930.1978
3843,6360.929,195.6779,167846.0742,1172.1564,6556.6069,169018.2306
3844,6424.3926,200.8519,168721.0406,1144.0133,6625.2446,169865.0539
3845,6360.0583,199.8819,167784.02,1130.0689,6559.9402,168914.0889
3846,6325.8647,214.2436,167378.4453,1284.4167,6540.1083,168662.8619
3847,6313.9778,210.6306,167207.8117,1215.725,6524.6083,168423.5367
3848,6313.0431,206.8542,167140.8767,1183.315,6519.8972,168324.1917
3849,6349.6661,210.1006,167665.5283,1229.1211,6559.7667,168894.6494
3850,6458.7883,285.0969,169402.8327,1860.5456,6743.8853,171263.3783
3851,6567.7167,272.0508,171026.7092,1789.9289,6839.7675,172816.6381
3852,6691.7703,211.8744,172654.9216,1330.8556,6903.6447,173985.7772
3853,6700.1248,201.7958,172741.3031,1346.5867,6901.9207,174087.8898
3854,6694.3724,228.3633,172485.0087,1488.6561,6922.7357,173973.6648
3855,6772.8482,242.5894,173656.7775,1617.1269,7015.4376,175273.9044
3856,6806.6677,236.3828,174046.6677,1520.2128,7043.0505,175566.8805
3857,6848.0161,223.8544,174961.4072,1458.3039,7071.8706,176419.7111
3858,6858.347,207.6119,175085.2803,1279.3789,7065.959,176364.6592
3859,6866.07,219.6064,175350.4701,1360.95,7085.6764,176711.4201
3860,6904.4952,217.6869,176030.6128,1419.9378,7122.1822,177450.5506
3861,6877.002,210.0546,175920.1812,1387.5242,7087.0566,177307.7053
3862,6881.8635,228.3232,176060.3458,1538.9297,7110.1867,177599.2756
3863,6917.3339,224.5869,176207.3564,1494.1444,7141.9208,177701.5009
3864,6286.4521,180.6685,167753.3653,1128.9392,6467.1206,168882.3044
3865,6256.2481,171.5064,167261.9957,1045.1142,6427.7545,168307.1099
3866,6260.0526,172.6864,167429.3171,1050.7467,6432.739,168480.0638
3867,6275.8894,177.8576,167600.6171,1084.8767,6453.7471,168685.4938
3868,6281.3778,186.4417,167646.3911,1151.4733,6467.8194,168797.8644
3869,6281.4967,191.0344,167656.4671,1191.6328,6472.5311,168848.0998
3870,6292.5703,198.295,167777.0072,1247.9239,6490.8653,169024.9311
3871,6299.8474,198.3156,167885.5547,1244.5725,6498.163,169130.1272
3872,6299.0639,198.9381,167927.2892,1253.7461,6498.002,169181.0353
3873,6287.8934,196.9351,167820.1328,1251.0583,6484.8286,169071.1911
3874,6390.6073,202.4311,169400.5231,1309.6875,6593.0384,170710.2106
3875,6515.0918,203.9589,171098.2822,1359.0725,6719.0507,172457.3547
3876,6573.6253,196.8725,171943.9331,1283.8794,6770.4978,173227.8125
3877,6523.3211,205.4637,171279.8117,1316.3111,6728.7849,172596.1228
3878,6555.6864,197.5754,171662.6886,1219.0089,6753.2619,172881.6975
3879,6619.8001,206.3853,172406.9294,1357.1722,6826.1854,173764.1017
3880,6693.736,257.2828,173251.2836,1883.1647,6951.0188,175134.4483
3881,6781.745,268.6342,174213.0425,1971.8069,7050.3791,176184.8494
3882,6790.8369,233.6492,174792.4386,1618.0911,7024.486,176410.5297
3883,6758.9651,230.8686,174535.2522,1504.6578,6989.8337,176039.91
3884,6782.7269,244.3182,174995.2956,1626.3633,7027.0451,176621.6589
3885,6796.2337,242.9436,175197.5258,1595.9089,7039.1773,176793.4347
3886,6808.8364,241.9403,175453.9409,1582.9539,7050.7767,177036.8948
3887,6813.9094,251.9497,175372.6502,1626.3478,7065.8591,176998.9979
3888,6587.1956,206.6458,171871.9775,1241.6556,6793.8414,173113.6331
3889,6571.8414,195.4097,171779.2878,1194.7567,6767.2511,172974.0444
3890,6577.8011,192.0564,171972.6919,1162.7889,6769.8575,173135.4808
3891,6587.9347,198.6975,172090.2936,1187.7089,6786.6322,173278.0025
3892,6582.8556,211.2533,172120.7567,1258.5889,6794.1089,173379.3456
3893,6576.1281,221.8594,172060.4544,1318.4622,6797.9875,173378.9167
3894,6569.8681,231.2817,171969.9694,1360.6244,6801.1497,173330.5939
3895,6576.8281,241.6917,172176.8022,1412.135,6818.5197,173588.9372
3896,6596.2217,243.8117,172601.05,1369.9133,6840.0333,173970.9633
3897,6601.7778,258.7694,172620.1678,1514.3911,6860.5472,174134.5589
3898,6618.6333,261.3861,172831.8997,1522.7039,6880.0194,174354.6036
3899,6637.3889,254.3094,173061.3458,1506.3956,6891.6983,174567.7414
3900,6662.0072,253.9928,173333.917,1539.4678,6916.0,174873.3848
3901,6667.5328,246.9786,173310.5358,1408.7517,6914.5114,174719.2875
3902,6701.8617,236.0336,173790.3219,1340.1044,6937.8953,175130.4264
3903,6691.9083,237.5297,173741.4039,1361.19,6929.4381,175102.5939
3904,6670.0992,244.9867,173434.7013,1449.7489,6915.0858,174884.4502
3905,6677.1814,248.3956,173679.9594,1454.3556,6925.5769,175134.315
3906,6664.9764,249.9328,173542.0414,1442.1444,6914.9092,174984.1858
3907,6667.0411,240.9242,173574.9178,1367.5889,6907.9653,174942.5067
3908,6662.2675,238.1037,173628.2794,1328.8578,6900.3713,174957.1372
3909,6686.385,237.5276,173923.5026,1322.6494,6923.9126,175246.152
3910,6693.9286,244.7806,174095.9699,1393.6533,6938.7092,175489.6232
3911,6718.6065,234.18,174476.5814,1326.3356,6952.7865,175802.9169
3912,6540.6853,204.7792,171759.0989,1161.4467,6745.4644,172920.5456
3913,6544.7036,195.7164,171916.6072,1151.175,6740.42,173067.7822
3914,6541.9853,187.2919,171937.8564,1114.7578,6729.2772,173052.6142
3915,6522.8292,196.8994,171662.6544,1156.6956,6719.7286,172819.35
3916,6522.2442,200.7719,171622.8722,1165.4911,6723.0161,172788.3633
3917,6526.1519,206.2142,171657.5488,1184.9378,6732.3661,172842.4866
3918,6524.36,211.8281,171643.9502,1182.9822,6736.1881,172826.9324
3919,6518.9456,214.9506,171617.5778,1176.9444,6733.8961,172794.5222
3920,6513.7792,226.5669,171532.5433,1254.94,6740.3461,172787.4833
3921,6520.9497,239.2322,171620.2552,1324.7711,6760.1819,172945.0263
3922,6534.1369,255.9458,171726.0378,1457.6683,6790.0828,173183.7061
3923,6535.2961,266.9253,171738.6787,1679.915,6802.2214,173418.5937
3924,6536.8228,291.5431,171715.4078,1966.7244,6828.3658,173682.1322
3925,6542.5511,272.4992,171846.9531,1763.7956,6815.0503,173610.7486
3926,6539.375,272.8469,171827.6251,1770.94,6812.2219,173598.5651
3927,6550.9258,262.0061,171875.0033,1605.4083,6812.9319,173480.4117
3928,6561.0203,256.5489,171955.4658,1547.3389,6817.5692,173502.8047
3929,6588.1622,254.2922,172363.3433,1541.8978,6842.4544,173905.2411
3930,6596.1667,254.2397,172562.6667,1567.5822,6850.4064,174130.2489
3931,6617.4667,242.6994,172857.5189,1449.5222,6860.1661,174307.0411
3932,6621.645,252.6297,172941.1261,1503.8344,6874.2747,174444.9606
3933,6641.7253,266.4283,173227.2156,1656.2125,6908.1536,174883.4281
3934,6634.0211,262.8144,173084.2022,1655.3469,6896.8356,174739.5492
3935,6625.568,260.2875,173035.7411,1583.0536,6885.8555,174618.7947
3936,6465.5436,234.0236,170558.2369,1439.5469,6699.5672,171997.7839
3937,6464.575,213.1147,170549.1267,1306.5572,6677.6897,171855.6839
3938,6450.6468,202.2989,170343.7744,1180.6772,6652.9456,171524.4517
3939,6446.6289,198.5767,170246.5144,1092.5033,6645.2056,171339.0178
3940,6443.5969,214.5292,170094.6081,1227.6,6658.1261,171322.2081
3941,6459.0347,217.8267,170264.3274,1230.4733,6676.8614,171494.8007
3942,6455.3903,228.5383,170201.1652,1293.7933,6683.9286,171494.9585
3943,6458.0396,227.0153,170266.6572,1221.3656,6685.0549,171488.0227
3944,6455.5897,239.0561,170292.065,1287.4622,6694.6458,171579.5272
3945,6448.0336,245.7214,170229.5288,1325.9622,6693.755,171555.4911
3946,6491.2047,241.8972,170862.141,1468.9839,6733.1019,172331.1249
3947,6603.4969,238.485,172944.5789,1513.6589,6841.9819,174458.2378
3948,6628.3903,233.4378,173336.2817,1536.7956,6861.8281,174873.0772
3949,6619.3836,227.0708,173446.6489,1528.4872,6846.4544,174975.1361
3950,6651.7542,227.4964,173748.4842,1547.1883,6879.2506,175295.6725
3951,6694.1821,248.015,174111.8642,1807.4258,6942.1971,175919.29
3952,6798.084,274.3093,175589.7069,2112.4358,7072.3933,177702.1428
3953,6794.7537,247.3863,175498.9017,1774.4006,7042.14,177273.3022
3954,6773.4019,247.9594,175201.5072,1742.0594,7021.3613,176943.5667
3955,6870.6543,280.7331,176808.4944,2107.3233,7151.3874,178915.8178
3956,6819.0761,276.0394,175986.3242,2012.0928,7095.1156,177998.417
3957,6835.031,293.2228,176104.8453,2246.3256,7128.2538,178351.1708
3958,6714.529,271.7361,174704.8966,2011.22,6986.2651,176716.1166
3959,6643.0892,244.3236,173850.4913,1672.8217,6887.4128,175523.313
3960,6282.1279,211.7881,168973.5264,1423.4367,6493.916,170396.9631
3961,6344.366,211.3079,169743.3039,1456.8033,6555.6739,171200.1072
3962,6309.9533,193.1089,169398.4122,1224.6644,6503.0622,170623.0767
3963,6301.4465,185.0539,169271.9578,1124.4311,6486.5004,170396.3889
3964,6281.0894,178.9556,169103.0536,1046.0711,6460.045,170149.1247
3965,6258.886,176.8475,168885.3831,1010.78,6435.7335,169896.1631
3966,6253.7717,185.6114,168890.7589,1111.1711,6439.3831,170001.93
3967,6305.2949,183.8447,169579.3431,1087.9778,6489.1396,170667.3208
3968,6272.235,182.2825,169189.0756,1056.3867,6454.5175,170245.4622
3969,6268.5519,187.5186,169143.5753,1118.2839,6456.0706,170261.8592
3970,6345.545,207.1858,170131.6377,1385.86,6552.7308,171517.4977
3971,6462.0717,207.8019,171537.9426,1380.7406,6669.8736,172918.6832
3972,6518.8864,224.5006,172328.9544,1448.2944,6743.3869,173777.2489
3973,6476.8679,223.5375,171996.4739,1451.1106,6700.4054,173447.5844
3974,6525.3374,221.4133,172592.6412,1442.9175,6746.7507,174035.5587
3975,6580.6968,212.4053,173462.1483,1371.4156,6793.1021,174833.5639
3976,6602.8482,211.8511,174253.7341,1366.9772,6814.6993,175620.7113
3977,6643.2631,215.6464,175079.1722,1422.7056,6858.9095,176501.8778
3978,6649.7144,225.9381,175179.2414,1466.6361,6875.6525,176645.8775
3979,6673.5515,231.0525,175623.7824,1528.1533,6904.604,177151.9357
3980,6706.2473,220.5694,175934.5401,1444.2667,6926.8167,177378.8068
3981,6701.4564,188.6154,175831.6206,1091.7283,6890.0718,176923.3489
3982,6661.3131,204.4258,175509.7922,1214.5672,6865.7389,176724.3594
3983,6636.1623,205.3481,175161.091,1233.1561,6841.5104,176394.2471
3984,6033.5839,33.2033,167158.5667,254.0144,6066.7872,167412.5811
3985,6044.3014,24.5775,167229.8947,188.8736,6068.8789,167418.7683
3986,6030.4885,28.1381,167013.9603,208.0811,6058.6265,167222.0414
3987,6042.2889,26.8633,167113.0853,186.72,6069.1522,167299.8053
3988,6045.4172,26.7619,167177.5811,178.1833,6072.1792,167355.7644
3989,6041.0156,26.0,167119.4989,166.0,6067.0156,167285.4989
3990,6038.6678,26.0,167142.4244,166.0,6064.6678,167308.4244
3991,6031.5061,26.8856,167072.7589,178.3978,6058.3917,167251.1567
3992,6034.5731,29.5256,167232.4222,215.3578,6064.0986,167447.78
3993,6047.6308,32.7272,167554.0325,260.1811,6080.3581,167814.2136
3994,6158.9581,65.2253,169054.4606,423.0261,6224.1833,169477.4867
3995,6279.1433,153.1439,171015.2686,876.8172,6432.2871,171892.0858
3996,6362.8244,184.6778,172350.3908,1036.5756,6547.5022,173386.9663
3997,6361.7504,190.7033,172214.4308,1092.2242,6552.4538,173306.655
3998,6454.9937,173.0986,173055.8733,1054.5708,6628.0923,174110.4442
3999,6583.0354,191.7606,174899.6575,1236.9219,6774.796,176136.5794
4000,6622.0433,175.8986,175576.6325,1097.7247,6797.9419,176674.3572
4001,6711.5802,181.0364,176872.2922,1128.0944,6892.6166,178000.3867
4002,6714.8518,184.2719,176768.7308,1142.6356,6899.1238,177911.3663
4003,6746.5978,182.7135,177145.4906,1140.3586,6929.3113,178285.8492
4004,6796.1947,152.3232,177867.9471,980.7294,6948.5179,178848.6765
4005,6757.5153,87.8297,177365.3147,649.7336,6845.345,178015.0483
4006,6768.4564,164.2633,177588.5425,888.1458,6932.7197,178476.6883
4007,6765.3805,132.3211,177609.3166,743.0678,6897.7016,178352.3844
4008,6261.0147,90.0386,167667.4999,449.4092,6351.0533,168116.9091
4009,6231.3878,80.9964,167241.6357,376.7597,6312.3842,167618.3954
4010,6235.1503,74.4744,167302.8587,343.7167,6309.6247,167646.5754
4011,6237.0606,73.4764,167363.6481,341.5556,6310.537,167705.2036
4012,6209.1919,70.94,167025.5569,316.7389,6280.1319,167342.2958
4013,6225.0797,69.0681,167327.5289,296.8167,6294.1478,167624.3456
4014,6231.1269,69.0,167446.0344,296.0,6300.1269,167742.0344
4015,6242.4289,67.7697,167795.7322,282.46,6310.1986,168078.1922
4016,6263.955,62.1286,168778.6811,225.25,6326.0836,169003.9311
4017,6287.8967,60.2947,169261.9261,207.1261,6348.1914,169469.0522
4018,6374.6094,72.7692,170712.2967,276.7083,6447.3786,170989.005
4019,6456.4886,103.4872,171921.027,529.8022,6559.9758,172450.8292
4020,6563.205,128.3964,173338.3284,742.0422,6691.6014,174080.3706
4021,6548.1969,151.7236,173092.4729,964.14,6699.9206,174056.6129
4022,6581.9869,128.1833,173575.9386,780.2217,6710.1703,174356.1603
4023,6628.8298,114.1633,174125.0794,634.89,6742.9931,174759.9694
4024,6665.859,123.1706,174788.0544,694.4806,6789.0296,175482.5349
4025,6729.5002,129.1669,176126.4717,745.3394,6858.6672,176871.8111
4026,6758.6109,147.4758,176251.8206,791.9156,6906.0867,177043.7361
4027,6699.5075,160.0549,175384.0804,834.3422,6859.5624,176218.4226
4028,6731.5345,155.4056,175948.8412,784.8253,6886.9401,176733.6664
4029,6682.7275,145.6789,175288.0828,710.2367,6828.4064,175998.3195
4030,6684.9554,152.6143,175087.7256,750.9672,6837.5698,175838.6928
4031,6632.4214,166.7064,174470.9793,864.6736,6799.1278,175335.6529
4032,6241.6751,88.3776,168651.6764,387.5011,6330.0528,169039.1775
4033,6334.9816,81.4413,170246.8581,338.7856,6416.4229,170585.6436
4034,6330.3924,81.7475,170044.8842,374.5794,6412.1399,170419.4636
4035,6328.2048,95.1314,170108.9172,492.475,6423.3362,170601.3922
4036,6331.2161,99.9906,170113.4358,523.1289,6431.2067,170636.5647
4037,6327.12,104.7319,170070.7419,566.4017,6431.852,170637.1436
4038,6328.7115,102.8189,170210.5003,551.0356,6431.5304,170761.5358
4039,6324.5705,90.7729,170102.5928,468.9022,6415.3434,170571.495
4040,6308.4012,82.2542,169801.7378,375.6933,6390.6554,170177.4311
4041,6312.4956,79.2908,170123.7694,353.8667,6391.7865,170477.6361
4042,6385.5503,82.3868,171118.1319,387.5417,6467.9371,171505.6736
4043,6499.2938,97.5617,173188.5953,519.0989,6596.8554,173707.6942
4044,6549.1121,95.1864,173901.2181,476.7767,6644.2985,174377.9947
4045,6523.3877,101.7456,173431.5878,544.7408,6625.1332,173976.3286
4046,6569.5382,116.9911,174045.6936,638.6125,6686.5294,174684.3061
4047,6623.2045,132.5111,175074.1947,669.0161,6755.7156,175743.2108
4048,6644.2854,193.9303,175024.9419,855.345,6838.2157,175880.2869
4049,6633.7701,211.1553,174865.4264,729.5733,6844.9254,175594.9997
4050,6640.271,215.4428,175205.5019,806.7139,6855.7138,176012.2158
4051,6602.4619,216.9458,174828.6619,1032.705,6819.4078,175861.3669
4052,6596.3106,215.1794,174776.64,1098.9144,6811.4901,175875.5544
4053,6594.4825,215.8928,174784.8422,1097.2139,6810.3753,175882.0561
4054,6590.5081,192.0689,174676.7861,899.4333,6782.577,175576.2194
4055,6608.3468,200.7411,174890.2931,953.6833,6809.0879,175843.9764
4056,6354.3824,172.0072,170625.1767,887.5089,6526.3896,171512.6856
4057,6363.5628,239.8514,170694.4428,1219.0478,6603.4142,171913.4906
4058,6353.7656,200.8192,170613.2172,841.3344,6554.5847,171454.5517
4059,6356.8787,194.0222,170831.3944,751.8122,6550.9009,171583.2067
4060,6358.4964,187.8267,170949.1264,710.1333,6546.3231,171659.2597
4061,6371.7203,177.2111,171249.2429,737.3822,6548.9314,171986.6251
4062,6397.295,163.2825,171672.5731,744.0067,6560.5775,172416.5797
4063,6404.3156,162.4289,171829.842,742.8578,6566.7444,172572.6998
4064,6400.3111,157.675,171798.6974,750.8156,6557.9861,172549.513
4065,6402.4036,150.1311,171843.0608,714.7289,6552.5347,172557.7897
4066,6409.3483,152.9914,171894.6149,748.0378,6562.3397,172642.6527
4067,6535.6471,142.3783,173355.6653,634.5467,6678.0255,173990.212
4068,6559.4147,139.2467,173734.0769,618.3067,6698.6614,174352.3836
4069,6592.8604,140.5156,174503.8044,623.5289,6733.3759,175127.3333
4070,6586.7847,157.7433,174478.9322,725.5633,6744.528,175204.4956
4071,6571.0651,160.9231,174329.0933,691.8783,6731.9881,175020.9717
4072,6526.9154,206.2372,173753.4878,945.9689,6733.1526,174699.4567
4073,6511.7929,243.3836,173613.5344,1045.3339,6755.1766,174658.8683
4074,6523.546,230.4081,173792.795,1008.0061,6753.9541,174800.8011
4075,6529.1894,190.535,174037.7389,887.4867,6719.7244,174925.2256
4076,6513.7503,239.345,173834.7611,1312.22,6753.0953,175146.9811
4077,6508.5336,303.7919,173802.4275,1809.4406,6812.3256,175611.8681
4078,6496.2401,259.0831,173685.505,1446.3322,6755.3232,175131.8372
4079,6499.5124,255.9189,173752.6091,1384.3578,6755.4313,175136.9668
4080,6306.3356,144.1969,170080.3308,568.8756,6450.5326,170649.2064
4081,6325.4019,176.3292,170381.2586,646.2178,6501.7311,171027.4764
4082,6364.4269,198.2269,170965.4638,741.5356,6562.6539,171706.9994
4083,6380.7681,212.4464,171241.2922,841.4333,6593.2144,172082.7256
4084,6382.9158,209.7008,171295.2627,809.4283,6592.6166,172104.6911
4085,6391.4903,195.3481,171412.8042,833.0378,6586.8383,172245.8419
4086,6415.6994,188.9844,171773.9653,928.1906,6604.6839,172702.1558
4087,6429.5483,179.0467,172056.35,850.3733,6608.595,172906.7233
4088,6424.7594,176.9717,171961.665,876.5167,6601.7311,172838.1817
4089,6427.7856,158.5908,172096.2002,783.6122,6586.3764,172879.8124
4090,6426.6976,150.2014,172049.2586,736.8844,6576.899,172786.1431
4091,6438.4814,133.1364,172244.5722,591.4644,6571.6178,172836.0367
4092,6419.8751,141.91,172014.7733,661.6542,6561.7851,172676.4275
4093,6433.777,135.1914,172322.6978,597.3119,6568.9684,172920.0097
4094,6452.7838,143.6911,172614.5044,702.4956,6596.4749,173317.0
4095,6454.6912,163.0344,172719.4933,912.5811,6617.7256,173632.0744
4096,6480.8461,190.8478,173227.6722,981.4333,6671.6939,174209.1056
4097,6492.5934,226.8986,173248.0044,922.4256,6719.4921,174170.43
4098,6484.8457,216.7194,173208.1633,882.0133,6701.5651,174090.1767
4099,6473.7114,169.5933,173112.2367,741.4933,6643.3048,173853.73
4100,6466.2849,167.8403,172962.9561,756.9394,6634.1252,173719.8956
4101,6467.9826,174.1175,172955.7772,878.805,6642.1001,173834.5822
4102,6448.9364,228.8933,172610.1683,1416.1967,6677.8297,174026.365
4103,6457.6039,338.1836,172777.7154,2287.6461,6795.7875,175065.3616
4104,6196.2936,177.0607,168064.2836,939.4022,6373.3543,169003.6858
4105,6203.9255,198.221,168149.1353,818.9639,6402.1464,168968.0992
4106,6213.2287,189.6761,168321.7858,664.4861,6402.9048,168986.2719
4107,6212.8812,178.8294,168391.2522,632.1778,6391.7106,169023.43
4108,6226.4294,176.26,168635.25,622.52,6402.6894,169257.77
4109,6242.9219,160.6186,168834.2172,583.1672,6403.5406,169417.3844
4110,6269.4045,139.0467,169099.6569,656.6533,6408.4512,169756.3103
4111,6269.3947,144.0328,169087.6194,728.6889,6413.4274,169816.3083
4112,6260.1496,140.04,168983.0842,700.3733,6400.1896,169683.4576
4113,6269.1803,114.5706,169091.3462,510.37,6383.7508,169601.7162
4114,6351.9454,127.5278,170678.1464,644.68,6479.4732,171322.8264
4115,6496.2671,163.9981,172976.1373,921.2378,6660.2651,173897.3751
4116,6516.3688,258.2458,173385.2558,1722.2617,6774.6146,175107.5175
4117,6460.0043,336.8922,172676.448,2440.2794,6796.8965,175116.7274
4118,6504.4532,232.6667,173177.6299,1649.5589,6737.1199,174827.1888
4119,6579.0736,148.2397,174222.4797,867.5083,6727.3134,175089.9881
4120,6608.2831,175.3256,174805.7486,941.0022,6783.6086,175746.7508
4121,6646.6144,206.7675,175369.5328,1053.4206,6853.3819,176422.9533
4122,6688.5959,172.32,176047.3529,796.3906,6860.9159,176843.7435
4123,6692.1928,178.1183,176075.7581,818.1883,6870.3111,176893.9464
4124,6715.9466,176.3794,176586.4228,796.9992,6892.326,177383.4219
4125,6710.5929,172.1828,176654.2486,757.3358,6882.7757,177411.5844
4126,6726.8254,172.1722,176849.9531,743.6178,6898.9976,177593.5709
4127,6659.3563,171.9558,176031.7329,739.92,6831.3122,176771.6529
4128,6130.279,106.1719,166549.2206,477.3756,6236.4509,167026.5961
4129,6153.5151,98.7106,166837.0589,447.2306,6252.2256,167284.2894
4130,6170.3348,89.8017,167024.9367,390.93,6260.1364,167415.8667
4131,6174.321,106.2889,167065.8014,507.9444,6280.6099,167573.7458
4132,6172.589,107.6164,167136.8394,529.5422,6280.2054,167666.3817
4133,6146.4932,105.4739,166702.3136,504.4294,6251.9671,167206.7431
4134,6139.1811,99.5817,166940.3417,469.2922,6238.7628,167409.6339
4135,6200.6587,95.4678,167812.1042,462.6222,6296.1265,168274.7264
4136,6251.1449,100.7167,168242.5631,518.2067,6351.8616,168760.7697
4137,6264.7851,101.1361,168460.3508,541.1911,6365.9213,169001.5419
4138,6351.2326,110.9142,169617.5869,658.0992,6462.1468,170275.6861
4139,6494.4109,119.5397,171635.4253,736.245,6613.9506,172371.6703
4140,6534.4922,116.0892,172441.6989,707.2328,6650.5814,173148.9317
4141,6534.9336,132.3361,172542.9487,946.7806,6667.2697,173489.7293
4142,6579.9389,117.5667,173143.5119,730.7844,6697.5056,173874.2964
4143,6637.7051,120.9319,174007.8161,783.49,6758.6371,174791.3061
4144,6691.4868,127.6128,174928.4893,728.3422,6819.0996,175656.8315
4145,6731.9411,154.7978,175447.4271,825.2889,6886.7389,176272.7159
4146,6762.3822,147.7714,175892.2054,739.8328,6910.1536,176632.0382
4147,6834.0889,140.8567,176945.108,643.7233,6974.9456,177588.8313
4148,6874.9772,145.4858,177821.5178,685.7744,7020.4631,178507.2922
4149,6871.5753,147.9097,177860.6822,725.6072,7019.485,178586.2894
4150,6819.3497,149.3417,177121.3231,726.9944,6968.6914,177848.3175
4151,6770.4439,154.8228,176566.5427,724.6894,6925.2667,177291.2321
4152,6229.9011,62.0311,168301.8653,353.8739,6291.9322,168655.7392
4153,6250.1753,57.7331,168534.3564,321.0578,6307.9083,168855.4142
4154,6261.6031,74.2417,168729.695,444.7678,6335.8447,169174.4628
4155,6268.24,81.0403,168799.3158,503.6556,6349.2803,169302.9714
4156,6260.1889,81.6394,168856.6386,479.1156,6341.8283,169335.7542
4157,6261.0228,75.92,169021.3278,413.8133,6336.9428,169435.1411
4158,6250.3978,78.3911,169157.4514,516.9222,6328.7889,169674.3736
4159,6286.9303,59.2444,169568.7356,293.6839,6346.1747,169862.4194
4160,6275.885,59.5208,169232.8929,298.43,6335.4058,169531.3229
4161,6260.0358,61.0717,168826.9324,321.63,6321.1075,169148.5624
4162,6379.1411,91.1986,170515.7501,663.2483,6470.3397,171178.9984
4163,6592.1531,116.4597,173604.1336,791.0283,6708.6128,174395.1619
4164,6667.1767,128.21,174520.9182,806.5244,6795.3867,175327.4426
4165,6670.5169,118.3094,174530.7078,651.7978,6788.8264,175182.5056
4166,6701.4467,110.4192,175019.2414,532.5533,6811.8658,175551.7947
4167,6658.7378,121.2186,174639.2523,620.9339,6779.9564,175260.1862
4168,6684.3564,121.1514,175136.5245,687.69,6805.5078,175824.2145
4169,6673.6664,126.8275,174806.3397,669.9061,6800.4939,175476.2458
4170,6773.3431,133.6022,176535.2421,742.4256,6906.9453,177277.6677
4171,6745.3914,141.9476,176531.0664,778.7906,6887.339,177309.8569
4172,6771.2458,141.6283,176915.7653,807.5783,6912.8742,177723.3436
4173,6799.7839,148.145,177216.4406,736.8078,6947.9289,177953.2483
4174,6801.0375,165.4097,177161.6561,831.34,6966.4472,177992.9961
4175,6759.6339,164.459,176593.0519,853.0344,6924.093,177446.0863
4176,6137.3128,102.25,168755.3744,496.1739,6239.5628,169251.5483
4177,6072.9097,94.8628,168017.4156,418.8622,6167.7725,168436.2778
4178,6035.6972,98.3978,167556.9675,467.1133,6134.095,168024.0808
4179,6047.3964,95.2156,167715.6811,418.0222,6142.6119,168133.7033
4180,6045.3847,109.1867,167608.5289,521.65,6154.5714,168130.1789
4181,6059.9439,109.5,167649.7275,524.0,6169.4439,168173.7275
4182,6096.9592,103.6908,168085.9275,474.7756,6200.65,168560.7031
4183,6155.9472,102.37,168832.6161,459.18,6258.3172,169291.7961
4184,6176.3928,100.355,169094.1039,414.9967,6276.7478,169509.1006
4185,6203.9811,107.5322,169489.9071,446.4856,6311.5133,169936.3927
4186,6315.615,104.2603,171086.1459,496.4739,6419.8753,171582.6198
4187,6374.7194,113.9225,171918.6264,563.9767,6488.6419,172482.6031
4188,6382.7686,116.2719,172145.7985,592.2956,6499.0406,172738.0941
4189,6379.9019,118.6771,172134.8958,597.9822,6498.579,172732.8781
4190,6409.3681,120.9143,172457.5552,567.7939,6530.2824,173025.3491
4191,6453.5833,124.7003,172857.0173,599.7194,6578.2836,173456.7368
4192,6457.4991,138.1015,172704.1747,700.0439,6595.6006,173404.2186
4193,6468.6231,143.3203,172809.1058,714.83,6611.9434,173523.9358
4194,6464.9147,147.6708,172923.2053,755.2111,6612.5856,173678.4164
4195,6471.2494,155.9272,173051.2817,805.2522,6627.1767,173856.5339
4196,6525.4711,146.4822,173826.3977,708.8011,6671.9533,174535.1988
4197,6578.4078,144.9997,174614.2346,686.225,6723.4075,175300.4596
4198,6600.4472,137.6147,174857.8628,606.2556,6738.0619,175464.1184
4199,6569.3911,142.5912,174416.5626,634.4072,6711.9824,175050.9698
4200,5971.4906,125.2925,162518.5928,492.2089,6096.7831,163010.8017
4201,5983.5708,118.2543,162785.1075,435.1428,6101.8251,163220.2503
4202,5957.0092,138.5628,163027.6219,593.21,6095.5719,163620.8319
4203,5952.7972,145.4544,163769.9744,654.8178,6098.2517,164424.7922
4204,5955.1353,144.0,163862.1478,632.0,6099.1353,164494.1478
4205,5954.2183,152.565,163925.4922,745.2544,6106.7833,164670.7467
4206,5985.7814,156.7019,164688.3114,805.0194,6142.4833,165493.3308
4207,6078.5019,150.0181,166087.0319,727.7317,6228.52,166814.7636
4208,6110.1125,151.9975,166246.1469,743.1072,6262.11,166989.2542
4209,6147.8297,145.4175,166463.5692,709.1633,6293.2472,167172.7325
4210,6204.4264,137.17,167261.3108,684.1703,6341.5964,167945.4811
4211,6273.2892,139.7675,168156.1633,717.8556,6413.0567,168874.0189
4212,6333.9436,136.7164,168925.6893,711.6244,6470.66,169637.3137
4213,6321.7372,133.7897,168729.5558,677.6878,6455.5269,169407.2436
4214,6374.4378,134.2533,169531.8441,692.3,6508.6911,170224.1441
4215,6481.6224,134.5214,171288.2938,665.7339,6616.1438,171954.0277
4216,6553.2927,126.0961,172884.2226,572.0967,6679.3888,173456.3192
4217,6570.0453,132.9803,173494.3932,643.1703,6703.0256,174137.5635
4218,6586.3203,135.9653,174348.5972,673.0417,6722.2856,175021.6389
4219,6566.4425,150.2314,174573.2281,752.7253,6716.6739,175325.9533
4220,6526.3215,163.3156,174057.8083,933.7733,6689.6371,174991.5817
4221,6553.1511,174.9958,174109.4228,1053.415,6728.1469,175162.8378
4222,6547.1407,176.1551,173838.1933,1100.3167,6723.2958,174938.51
4223,6525.2769,159.3904,173651.061,846.9761,6684.6674,174498.0371
4224,6213.5822,138.4274,168940.0483,636.5256,6352.0096,169576.5738
4225,6206.1451,139.4071,168920.0967,650.8422,6345.5522,169570.9389
4226,6217.8586,149.3036,169266.1256,765.285,6367.1622,170031.4106
4227,6226.446,152.7919,169462.5511,790.1822,6379.2379,170252.7333
4228,6232.2389,148.7586,169550.6892,738.7511,6380.9975,170289.4403
4229,6259.7346,148.1128,169921.1217,720.9944,6407.8474,170642.1161
4230,6296.8383,145.0156,170444.0956,689.3956,6441.8539,171133.4911
4231,6304.0393,143.3011,170436.0289,660.8067,6447.3404,171096.8356
4232,6304.2763,140.9386,170381.6111,644.3494,6445.2149,171025.9606
4233,6308.2724,136.1483,170462.1778,608.3267,6444.4207,171070.5044
4234,6297.4929,133.9722,170345.7203,597.3103,6431.4651,170943.0306
4235,6317.3012,132.0614,170688.0872,606.0461,6449.3626,171294.1333
4236,6337.4646,124.6767,171009.0792,555.96,6462.1413,171565.0392
4237,6379.4385,125.25,171678.1758,567.0022,6504.6885,172245.1781
4238,6391.4213,128.5447,171930.0842,617.71,6519.966,172547.7942
4239,6392.545,133.81,171949.7944,671.8733,6526.355,172621.6678
4240,6410.8264,131.73,172462.64,684.9806,6542.5564,173147.6206
4241,6421.5888,131.8778,172380.0958,687.7167,6553.4665,173067.8125
4242,6414.3881,135.9269,172195.8242,712.7717,6550.315,172908.5958
4243,6412.5338,140.2665,172231.8908,749.3281,6552.8003,172981.2189
4244,6433.8518,142.3022,172437.2589,754.2489,6576.154,173191.5078
4245,6410.6712,131.7242,172099.6622,652.81,6542.3954,172752.4722
4246,6411.5543,136.2722,172188.0544,691.8989,6547.8265,172879.9533
4247,6421.6289,148.5089,172314.0474,788.2744,6570.1378,173102.3219
4248,6238.024,130.1844,169430.02,562.5822,6368.2085,169992.6022
4249,6250.985,131.3686,169631.1294,557.2639,6382.3536,170188.3933
4250,6230.1896,133.8778,169354.4867,568.2533,6364.0674,169922.74
4251,6241.4489,144.5458,169532.3233,638.9161,6385.9947,170171.2394
4252,6236.6274,156.9561,169619.6694,758.1339,6393.5835,170377.8033
4253,6243.6851,152.5183,169787.293,698.6456,6396.2035,170485.9386
4254,6228.3718,157.0467,169679.5668,773.6533,6385.4185,170453.2202
4255,6249.6033,152.2511,169892.6901,706.5156,6401.8544,170599.2056
4256,6270.8407,149.2053,170048.9411,663.8739,6420.046,170712.815
4257,6296.6074,146.9297,170353.2711,663.0961,6443.5371,171016.3672
4258,6295.6461,153.981,170320.6183,785.2439,6449.6271,171105.8622
4259,6312.2766,144.2783,170757.1111,704.4917,6456.5549,171461.6028
4260,6355.7915,143.6114,171435.6944,676.075,6499.4029,172111.7694
4261,6350.3645,144.33,171379.4314,705.3694,6494.6945,172084.8008
4262,6375.6433,152.1967,171610.7622,794.1739,6527.8399,172404.9361
4263,6360.3192,153.7075,171438.2869,803.1794,6514.0267,172241.4664
4264,6384.0679,171.1129,171802.6733,1046.305,6555.1808,172848.9783
4265,6467.0197,175.6547,173045.7525,1071.6739,6642.6744,174117.4264
4266,6462.3193,177.0258,173006.0888,1023.5961,6639.3451,174029.6849
4267,6417.7203,177.6039,172358.4856,1046.1428,6595.3242,173404.6284
4268,6374.1838,174.9278,171741.2948,1031.9758,6549.1115,172773.2707
4269,6353.0561,180.5764,171490.8686,1014.3494,6533.6325,172505.2181
4270,6361.6318,177.544,171596.3617,977.71,6539.1758,172574.0717
4271,6407.4227,170.4625,172367.3304,925.3261,6577.8852,173292.6566
4272,6026.1729,147.5761,165415.4786,747.5125,6173.749,166162.9911
4273,6042.6722,145.8333,165475.5775,737.8253,6188.5056,166213.4028
4274,6054.34,140.5642,165715.6276,691.4039,6194.9042,166407.0315
4275,6048.7424,138.6,165642.4557,663.0797,6187.3424,166305.5354
4276,6031.6331,137.0,165501.2182,638.0,6168.6331,166139.2182
4277,6069.1842,134.6875,165794.3208,601.9772,6203.8717,166396.2981
4278,6079.4514,147.8833,165986.0181,786.3667,6227.3347,166772.3847
4279,6099.4507,134.8167,166087.7591,590.3267,6234.2674,166678.0858
4280,6097.4767,134.2556,165982.8659,548.6978,6231.7322,166531.5637
4281,6102.3096,132.3133,166010.0519,597.6867,6234.6229,166607.7386
4282,6198.2524,127.905,166982.9135,735.8439,6326.1574,167718.7574
4283,6325.1757,134.8526,168988.1549,817.255,6460.0284,169805.4099
4284,6352.3493,136.3082,169437.6656,844.8794,6488.6574,170282.5451
4285,6296.0511,140.389,168817.5133,863.7017,6436.4401,169681.215
4286,6377.4174,130.7522,169937.0948,785.6206,6508.1697,170722.7153
4287,6439.0697,123.4917,171298.9268,751.425,6562.5614,172050.3518
4288,6453.0728,140.0088,171671.4003,927.1061,6593.0815,172598.5064
4289,6454.4873,128.4569,171964.2128,802.01,6582.9442,172766.2228
4290,6505.2672,115.8322,173162.8094,650.2056,6621.0994,173813.015
4291,6499.3983,115.9258,173357.1856,642.2478,6615.3242,173999.4333
4292,6546.9349,110.7447,174174.4802,612.1867,6657.6796,174786.6669
4293,6543.4233,118.3325,174207.3564,664.6178,6661.7558,174871.9742
4294,6563.3561,119.0856,174471.8571,651.8522,6682.4417,175123.7093
4295,6574.7876,118.5426,174816.7513,676.6683,6693.3303,175493.4197
4296,5955.3119,92.2989,164275.0878,380.7822,6047.6108,164655.87
4297,5935.5849,95.7056,163846.2396,426.3756,6031.2904,164272.6151
4298,5925.9611,99.6833,164002.1828,470.6083,6025.6444,164472.7912
4299,5939.2353,103.9911,164534.2398,479.8756,6043.2264,165014.1154
4300,5936.3703,100.2103,164509.5783,431.4711,6036.5806,164941.0494
4301,5964.8583,96.4217,164742.8706,390.7467,6061.28,165133.6172
4302,6001.6369,96.0,165351.4375,384.0,6097.6369,165735.4375
4303,6033.8883,96.0,165590.1179,384.0,6129.8883,165974.1179
4304,6048.0825,90.2139,165655.05,408.2078,6138.2964,166063.2578
4305,6056.3908,97.2214,165591.1333,559.9261,6153.6122,166151.0594
4306,6198.2726,108.7064,167483.6254,636.0922,6306.9789,168119.7177
4307,6390.6814,103.2908,170188.9706,525.9728,6493.9722,170714.9433
4308,6382.9031,110.0131,170115.1869,545.7222,6492.9161,170660.9092
4309,6400.5442,118.7736,170788.8606,634.5778,6519.3178,171423.4383
4310,6458.7439,110.4731,171922.9254,556.2761,6569.2169,172479.2016
4311,6487.6939,126.6019,172544.9583,720.9244,6614.2958,173265.8827
4312,6447.3339,131.5467,172034.6917,747.1217,6578.8806,172781.8134
4313,6491.31,124.7542,172867.7786,749.4006,6616.0642,173617.1792
4314,6531.8319,128.045,173451.3217,770.4494,6659.8769,174221.7711
4315,6509.4406,111.1983,173264.7528,621.8778,6620.6389,173886.6306
4316,6558.1481,111.3475,173965.5806,606.0078,6669.4956,174571.5883
4317,6543.6233,135.0857,173777.3333,886.1678,6678.709,174663.5011
4318,6508.5169,151.8247,173559.8259,1096.07,6660.3417,174655.8959
4319,6498.9369,142.1835,173327.3821,934.2228,6641.1204,174261.6049
4320,6048.3661,105.2072,167325.0617,619.6578,6153.5733,167944.7194
4321,6059.5206,90.1985,167812.5414,485.8333,6149.719,168298.3747
4322,6054.2658,82.0,167767.1961,402.0,6136.2658,168169.1961
4323,6045.2408,78.0332,167595.2817,396.6961,6123.274,167991.9778
4324,6026.1383,73.8378,167349.4678,383.0333,6099.9761,167732.5011
4325,6044.4947,74.0547,167482.0392,383.5472,6118.5494,167865.5864
4326,6048.0661,92.2978,167717.525,529.0956,6140.3639,168246.6206
4327,6062.7572,98.2394,168011.0833,580.8711,6160.9967,168591.9544
4328,6061.2925,92.2854,167835.0956,496.7967,6153.5779,168331.8922
4329,6067.1519,107.4392,167795.79,570.7117,6174.5911,168366.5017
4330,6151.98,100.4178,168916.3881,515.7725,6252.3978,169432.1606
4331,6303.083,123.6572,171080.2036,688.7292,6426.7402,171768.9328
4332,6402.0978,119.8519,172725.0792,635.5592,6521.9497,173360.6383
4333,6348.7572,125.5486,171712.9414,692.1811,6474.3058,172405.1225
4334,6374.7754,132.2178,172057.0064,824.6911,6506.9932,172881.6975
4335,6427.1168,127.1878,172719.1938,775.1519,6554.3046,173494.3458
4336,6380.8364,114.4172,172876.1768,663.0072,6495.2536,173539.1841
4337,6237.7933,123.525,172310.7255,758.3044,6361.3183,173069.0299
4338,6207.6942,131.6089,172101.6375,828.4517,6339.3031,172930.0892
4339,6226.0011,110.554,172461.0628,681.8775,6336.5552,173142.9403
4340,6226.9517,121.1631,172150.9111,747.0111,6348.1147,172897.9222
4341,6256.1867,112.8175,172604.6333,645.0233,6369.0042,173249.6567
4342,6249.6919,108.6158,172543.9344,576.4089,6358.3078,173120.3433
4343,6231.3597,104.6969,172330.4211,555.3128,6336.0567,172885.7338
4344,5475.8972,89.1833,160272.1619,431.6544,5565.0806,160703.8164
4345,5458.9644,89.8906,160296.0661,434.8056,5548.855,160730.8717
4346,5467.2697,101.0749,160484.7356,540.4694,5568.3446,161025.205
4347,5473.7983,102.7122,160554.7211,555.6056,5576.5106,161110.3267
4348,5499.6519,100.9306,160952.2822,539.6722,5600.5825,161491.9544
4349,5500.4819,100.9442,160971.0344,539.1067,5601.4261,161510.1411
4350,5521.5161,99.8336,161027.6081,521.3906,5621.3497,161548.9986
4351,5585.5817,99.3542,161660.26,518.7239,5684.9358,162178.9839
4352,5642.6156,98.9364,161985.5084,513.6783,5741.5519,162499.1867
4353,5667.3258,96.7714,162024.9261,487.9022,5764.0972,162512.8283
4354,5788.9081,115.2361,163298.6043,761.2731,5904.1442,164059.8774
4355,5960.2731,99.2525,165764.686,547.7872,6059.5256,166312.4732
4356,5919.1347,106.6283,164987.4208,582.7889,6025.7631,165570.2097
4357,5897.3956,98.2433,164795.3853,481.1308,5995.6389,165276.5161
4358,5965.0331,92.1456,166143.0978,447.3933,6057.1786,166590.4911
4359,6042.3442,93.4242,167746.6052,467.5808,6135.7683,168214.186
4360,6122.3983,96.9953,168984.2148,485.9144,6219.3936,169470.1292
4361,6208.5314,102.6406,170301.1031,541.1089,6311.1719,170842.212
4362,6225.1944,121.5189,170850.0247,743.36,6346.7133,171593.3847
4363,6271.2575,126.2064,171780.1806,784.1967,6397.4639,172564.3772
4364,6269.7058,119.4081,172349.415,724.5878,6389.1139,173074.0028
4365,6303.3683,122.9147,172990.5061,746.9508,6426.2831,173737.4569
4366,6253.9797,116.9214,172468.9889,719.3761,6370.9011,173188.365
4367,6202.3017,121.1082,171651.5688,761.0517,6323.4099,172412.6205
4368,5529.6869,77.2281,158299.4467,496.1278,5606.915,158795.5744
4369,5510.2603,68.3494,158399.9764,387.2111,5578.6097,158787.1875
4370,5500.4931,68.3832,158450.4792,367.8106,5568.8763,158818.2897
4371,5512.4308,71.9992,158885.2111,404.1736,5584.43,159289.3847
4372,5524.3064,69.5,159389.6794,364.0,5593.8064,159753.6794
4373,5559.745,77.3056,160161.3408,378.04,5637.0506,160539.3808
4374,5583.0381,83.1115,160626.1411,360.0056,5666.1496,160986.1467
4375,5609.6222,81.0067,161246.4046,330.3689,5690.6289,161576.7734
4376,5661.8822,78.2672,161666.7624,326.6478,5740.1494,161993.4102
4377,5681.6108,80.9606,161931.9156,325.4478,5762.5714,162257.3633
4378,5774.3383,97.5981,163270.2584,497.7933,5871.9364,163768.0517
4379,5899.9172,99.0594,165238.2058,476.3572,5998.9767,165714.5631
4380,5952.4411,107.1456,165954.6994,557.6756,6059.5867,166512.375
4381,5974.8633,110.8822,166299.9833,601.4578,6085.7456,166901.4411
4382,6016.1264,106.3192,167087.7794,560.1433,6122.4456,167647.9228
4383,6070.4911,100.7633,168098.2847,485.8556,6171.2544,168584.1403
4384,6123.1056,96.1651,168961.8261,476.2894,6219.2707,169438.1156
4385,6167.74,102.0267,169721.4914,505.5978,6269.7667,170227.0892
4386,6183.0934,115.0337,170091.8172,663.6872,6298.1272,170755.5044
4387,6157.3344,108.9711,169779.3325,609.9011,6266.3056,170389.2336
4388,6136.3317,104.495,169533.3728,528.1344,6240.8267,170061.5072
4389,6121.0347,106.7492,169329.4989,541.28,6227.7839,169870.7789
4390,6113.3511,120.9847,169026.6947,667.8978,6234.3358,169694.5925
4391,6084.2678,159.0986,168530.0913,1107.8811,6243.3664,169637.9724
4392,5727.5506,91.3969,162908.7344,603.8378,5818.9475,163512.5722
4393,5687.3097,95.3417,162246.4675,518.5067,5782.6514,162764.9742
4394,5674.4842,94.1456,161942.6756,461.5156,5768.6297,162404.1911
4395,5687.3219,100.9019,162178.2578,525.0244,5788.2239,162703.2822
4396,5707.4136,116.4342,162417.6844,677.5533,5823.8478,163095.2378
4397,5718.3189,132.1344,162531.0369,738.8222,5850.4533,163269.8592
4398,5731.4447,136.6208,162749.9656,764.0456,5868.0656,163514.0111
4399,5751.3828,154.3847,163013.3886,871.9044,5905.7675,163885.2931
4400,5780.1425,153.4725,163313.7317,892.12,5933.615,164205.8517
4401,5810.8658,165.7979,163781.3033,1017.8722,5976.6638,164799.1756
4402,5825.4833,153.4964,163972.6219,913.4811,5978.9797,164886.1031
4403,5836.4194,133.6867,164187.3489,731.86,5970.1061,164919.2089
4404,5853.7,137.7428,164482.2356,797.8728,5991.4428,165280.1083
4405,5881.9442,139.5128,164941.4911,794.64,6021.4569,165736.1311
4406,5911.8131,141.9208,165549.4089,806.775,6053.7339,166356.1839
4407,5908.1975,151.5703,165517.1247,877.0778,6059.7678,166394.2025
4408,5916.5036,154.7553,165571.7594,922.1533,6071.2589,166493.9128
4409,5918.0536,195.6724,165605.8756,1311.6256,6113.726,166917.5011
4410,5949.2775,164.8417,166162.2678,1058.8506,6114.1192,167221.1183
4411,5942.7053,160.0258,166053.0989,1149.0711,6102.7311,167202.17
4412,5965.5639,144.9953,166234.3067,894.7622,6110.5592,167129.0689
4413,5985.7,146.8122,166486.0956,844.7622,6132.5122,167330.8578
4414,5990.6808,140.7942,166383.9161,828.9667,6131.475,167212.8828
4415,5983.7213,144.5733,166246.1184,1025.6894,6128.2946,167271.8078
4416,94.0225,13.3322,1411.2131,82.6578,107.3547,1493.8708
4417,40.1389,4.7778,573.2908,29.6133,44.9167,602.9042
